#VRML V2.0 utf8
DEF TXFM_1 Transform {
  center 0 0 0
  rotation 0 0 1 0
  scale 0.1 0.1 0.1
  scaleOrientation 0 0 1 0
  translation 0 0 0
 children [
DEF TXFM_2 Transform {
  center 0 0 0
  rotation 0 0 1 0
  scale 1 1 1
  scaleOrientation 0 0 1 0
  translation -6.6929134 -4.5275591 0.31496063
 children [
DEF TXFM_3 Transform {
  center 0 0 0
  rotation 0 0 1 0
  scale 1 1 1
  scaleOrientation 0 0 1 0
  translation 0 0 0
 children [
DEF TXFM_4 Transform {
  center 0 0 0
  rotation 0 0 1 0
  scale 1 1 1
  scaleOrientation 0 0 1 0
  translation 0 0 0
 children [
DEF SHAPE_1 Shape {
 appearance DEF APP_1 Appearance {
  material Material {
   ambientIntensity 0.19999999
   diffuseColor 0.22 0.27000001 0.31999999
   emissiveColor 0 0 0
   shininess 0.2
   specularColor 0 0 0
   transparency 0
} }
 geometry DEF FACE_1 IndexedFaceSet {
  coord DEF COORD_1 Coordinate { point [
  -1.3779499 -1.1811 0,-1.3779499 1.1811 0,
  1.3779499 1.1811 0,-1.3779499 -1.1811 0,
  1.3779499 1.1811 0,1.3779499 -1.1811 0,
  -1.3779499 -1.1811 0.39370098,1.3779499 -1.1811 0.39370098,
  1.3779499 1.1811 0.39370098,-1.3779499 -1.1811 0.39370098,
  1.3779499 1.1811 0.39370098,-1.3779499 1.1811 0.39370098,
  -1.3779499 -1.1811 0,1.3779499 -1.1811 0,
  1.3779499 -1.1811 0.39370098,-1.3779499 -1.1811 0,
  1.3779499 -1.1811 0.39370098,-1.3779499 -1.1811 0.39370098,
  1.3779499 -1.1811 0,1.3779499 1.1811 0,
  1.3779499 1.1811 0.39370098,1.3779499 -1.1811 0,
  1.3779499 1.1811 0.39370098,1.3779499 -1.1811 0.39370098,
  1.3779499 1.1811 0,-1.3779499 1.1811 0,
  -1.3779499 1.1811 0.39370098,1.3779499 1.1811 0,
  -1.3779499 1.1811 0.39370098,1.3779499 1.1811 0.39370098,
  -1.3779499 1.1811 0,-1.3779499 -1.1811 0,
  -1.3779499 -1.1811 0.39370098,-1.3779499 1.1811 0,
  -1.3779499 -1.1811 0.39370098,-1.3779499 1.1811 0.39370098] }
 coordIndex [
  0,1,2,-1,3,4,5,-1,6,7,8,-1,9,10,11,-1,12,13,14,-1,15,16,17,-1,18,19,20,-1,21,22,23,-1,
  24,25,26,-1,27,28,29,-1,30,31,32,-1,33,34,35,-1]
  normalPerVertex TRUE
  normal DEF NORM_1 Normal { vector [
  0 0 -1,0 0 -1,
  0 0 -1,0 0 -1,
  0 0 -1,0 0 -1,
  0 0 1,0 0 1,
  0 0 1,0 0 1,
  0 0 1,0 0 1,
  0 -1 0,0 -1 0,
  0 -1 0,0 -1 0,
  0 -1 0,0 -1 0,
  1 0 0,1 0 0,
  1 0 0,1 0 0,
  1 0 0,1 0 0,
  0 1 0,0 1 0,
  0 1 0,0 1 0,
  0 1 0,0 1 0,
  -1 0 0,-1 0 0,
  -1 0 0,-1 0 0,
  -1 0 0,-1 0 0] }
}
}
] }
] }
] }
DEF TXFM_5 Transform {
  center 0 0 0
  rotation 0 0 1 0
  scale 1 1 1
  scaleOrientation 0 0 1 0
  translation 4.7244094 2.9527559 0.31496063
 children [
DEF TXFM_6 Transform {
  center 0 0 0
  rotation 0 0 1 0
  scale 1 1 1
  scaleOrientation 0 0 1 0
  translation 0 0 0
 children [
DEF TXFM_7 Transform {
  center 0 0 0
  rotation 0 0 1 0
  scale 1 1 1
  scaleOrientation 0 0 1 0
  translation 0 0 0
 children [
DEF SHAPE_2 Shape {
 appearance DEF APP_2 Appearance {
  material Material {
   ambientIntensity 0.19999999
   diffuseColor 0.22 0.27000001 0.31999999
   emissiveColor 0 0 0
   shininess 0.2
   specularColor 0 0 0
   transparency 0
} }
 geometry DEF FACE_2 IndexedFaceSet {
  coord DEF COORD_2 Coordinate { point [
  -3.9370101 -3.9370101 0,-3.9370101 3.9370101 0,
  3.9370101 3.9370101 0,-3.9370101 -3.9370101 0,
  3.9370101 3.9370101 0,3.9370101 -3.9370101 0,
  -3.9370101 -3.9370101 1.1811,3.9370101 -3.9370101 1.1811,
  3.9370101 3.9370101 1.1811,-3.9370101 -3.9370101 1.1811,
  3.9370101 3.9370101 1.1811,-3.9370101 3.9370101 1.1811,
  -3.9370101 -3.9370101 0,3.9370101 -3.9370101 0,
  3.9370101 -3.9370101 1.1811,-3.9370101 -3.9370101 0,
  3.9370101 -3.9370101 1.1811,-3.9370101 -3.9370101 1.1811,
  3.9370101 -3.9370101 0,3.9370101 3.9370101 0,
  3.9370101 3.9370101 1.1811,3.9370101 -3.9370101 0,
  3.9370101 3.9370101 1.1811,3.9370101 -3.9370101 1.1811,
  3.9370101 3.9370101 0,-3.9370101 3.9370101 0,
  -3.9370101 3.9370101 1.1811,3.9370101 3.9370101 0,
  -3.9370101 3.9370101 1.1811,3.9370101 3.9370101 1.1811,
  -3.9370101 3.9370101 0,-3.9370101 -3.9370101 0,
  -3.9370101 -3.9370101 1.1811,-3.9370101 3.9370101 0,
  -3.9370101 -3.9370101 1.1811,-3.9370101 3.9370101 1.1811] }
 coordIndex [
  0,1,2,-1,3,4,5,-1,6,7,8,-1,9,10,11,-1,12,13,14,-1,15,16,17,-1,18,19,20,-1,21,22,23,-1,
  24,25,26,-1,27,28,29,-1,30,31,32,-1,33,34,35,-1]
  normalPerVertex TRUE
  normal DEF NORM_2 Normal { vector [
  0 0 -1,0 0 -1,
  0 0 -1,0 0 -1,
  0 0 -1,0 0 -1,
  0 0 1,0 0 1,
  0 0 1,0 0 1,
  0 0 1,0 0 1,
  0 -1 0,0 -1 0,
  0 -1 0,0 -1 0,
  0 -1 0,0 -1 0,
  1 0 0,1 0 0,
  1 0 0,1 0 0,
  1 0 0,1 0 0,
  0 1 0,0 1 0,
  0 1 0,0 1 0,
  0 1 0,0 1 0,
  -1 0 0,-1 0 0,
  -1 0 0,-1 0 0,
  -1 0 0,-1 0 0] }
}
}
] }
] }
] }
DEF TXFM_8 Transform {
  center 0 0 0
  rotation 0 0 1 0
  scale 1 1 1
  scaleOrientation 0 0 1 0
  translation -7.0866142 2.9527559 0.31496063
 children [
DEF TXFM_9 Transform {
  center 0 0 0
  rotation 0 0 1 0
  scale 1 1 1
  scaleOrientation 0 0 1 0
  translation 0 0 0
 children [
DEF TXFM_10 Transform {
  center 0 0 0
  rotation 0 0 1 0
  scale 1 1 1
  scaleOrientation 0 0 1 0
  translation 0 0 0
 children [
DEF SHAPE_3 Shape {
 appearance DEF APP_3 Appearance {
  material Material {
   ambientIntensity 0.19999999
   diffuseColor 0.22 0.27000001 0.31999999
   emissiveColor 0 0 0
   shininess 0.2
   specularColor 0 0 0
   transparency 0
} }
 geometry DEF FACE_3 IndexedFaceSet {
  coord DEF COORD_3 Coordinate { point [
  -2.9527598 -2.9527598 0,-2.9527598 2.9527598 0,
  2.9527598 2.9527598 0,-2.9527598 -2.9527598 0,
  2.9527598 2.9527598 0,2.9527598 -2.9527598 0,
  -2.9527598 -2.9527598 1.1811,2.9527598 -2.9527598 1.1811,
  2.9527598 2.9527598 1.1811,-2.9527598 -2.9527598 1.1811,
  2.9527598 2.9527598 1.1811,-2.9527598 2.9527598 1.1811,
  -2.9527598 -2.9527598 0,2.9527598 -2.9527598 0,
  2.9527598 -2.9527598 1.1811,-2.9527598 -2.9527598 0,
  2.9527598 -2.9527598 1.1811,-2.9527598 -2.9527598 1.1811,
  2.9527598 -2.9527598 0,2.9527598 2.9527598 0,
  2.9527598 2.9527598 1.1811,2.9527598 -2.9527598 0,
  2.9527598 2.9527598 1.1811,2.9527598 -2.9527598 1.1811,
  2.9527598 2.9527598 0,-2.9527598 2.9527598 0,
  -2.9527598 2.9527598 1.1811,2.9527598 2.9527598 0,
  -2.9527598 2.9527598 1.1811,2.9527598 2.9527598 1.1811,
  -2.9527598 2.9527598 0,-2.9527598 -2.9527598 0,
  -2.9527598 -2.9527598 1.1811,-2.9527598 2.9527598 0,
  -2.9527598 -2.9527598 1.1811,-2.9527598 2.9527598 1.1811] }
 coordIndex [
  0,1,2,-1,3,4,5,-1,6,7,8,-1,9,10,11,-1,12,13,14,-1,15,16,17,-1,18,19,20,-1,21,22,23,-1,
  24,25,26,-1,27,28,29,-1,30,31,32,-1,33,34,35,-1]
  normalPerVertex TRUE
  normal DEF NORM_3 Normal { vector [
  0 0 -1,0 0 -1,
  0 0 -1,0 0 -1,
  0 0 -1,0 0 -1,
  0 0 1,0 0 1,
  0 0 1,0 0 1,
  0 0 1,0 0 1,
  0 -1 0,0 -1 0,
  0 -1 0,0 -1 0,
  0 -1 0,0 -1 0,
  1 0 0,1 0 0,
  1 0 0,1 0 0,
  1 0 0,1 0 0,
  0 1 0,0 1 0,
  0 1 0,0 1 0,
  0 1 0,0 1 0,
  -1 0 0,-1 0 0,
  -1 0 0,-1 0 0,
  -1 0 0,-1 0 0] }
}
}
] }
] }
] }
DEF TXFM_11 Transform {
  center 0 0 0
  rotation 0 0 1 0
  scale 1 1 1
  scaleOrientation 0 0 1 0
  translation 3.1496063 -4.5275591 0.31496063
 children [
DEF TXFM_12 Transform {
  center 0 0 0
  rotation 0 0 1 0
  scale 1 1 1
  scaleOrientation 0 0 1 0
  translation 0 0 0
 children [
DEF TXFM_13 Transform {
  center 0 0 0
  rotation 0 0 1 0
  scale 1 1 1
  scaleOrientation 0 0 1 0
  translation 0 0 0
 children [
DEF SHAPE_4 Shape {
 appearance DEF APP_4 Appearance {
  material Material {
   ambientIntensity 0.19999999
   diffuseColor 0.22 0.27000001 0.31999999
   emissiveColor 0 0 0
   shininess 0.2
   specularColor 0 0 0
   transparency 0
} }
 geometry DEF FACE_4 IndexedFaceSet {
  coord DEF COORD_4 Coordinate { point [
  -2.9527598 -1.77165 0,-2.9527598 1.77165 0,
  2.9527598 1.77165 0,-2.9527598 -1.77165 0,
  2.9527598 1.77165 0,2.9527598 -1.77165 0,
  -2.9527598 -1.77165 0.78740195,2.9527598 -1.77165 0.78740195,
  2.9527598 1.77165 0.78740195,-2.9527598 -1.77165 0.78740195,
  2.9527598 1.77165 0.78740195,-2.9527598 1.77165 0.78740195,
  -2.9527598 -1.77165 0,2.9527598 -1.77165 0,
  2.9527598 -1.77165 0.78740195,-2.9527598 -1.77165 0,
  2.9527598 -1.77165 0.78740195,-2.9527598 -1.77165 0.78740195,
  2.9527598 -1.77165 0,2.9527598 1.77165 0,
  2.9527598 1.77165 0.78740195,2.9527598 -1.77165 0,
  2.9527598 1.77165 0.78740195,2.9527598 -1.77165 0.78740195,
  2.9527598 1.77165 0,-2.9527598 1.77165 0,
  -2.9527598 1.77165 0.78740195,2.9527598 1.77165 0,
  -2.9527598 1.77165 0.78740195,2.9527598 1.77165 0.78740195,
  -2.9527598 1.77165 0,-2.9527598 -1.77165 0,
  -2.9527598 -1.77165 0.78740195,-2.9527598 1.77165 0,
  -2.9527598 -1.77165 0.78740195,-2.9527598 1.77165 0.78740195] }
 coordIndex [
  0,1,2,-1,3,4,5,-1,6,7,8,-1,9,10,11,-1,12,13,14,-1,15,16,17,-1,18,19,20,-1,21,22,23,-1,
  24,25,26,-1,27,28,29,-1,30,31,32,-1,33,34,35,-1]
  normalPerVertex TRUE
  normal DEF NORM_4 Normal { vector [
  0 0 -1,0 0 -1,
  0 0 -1,0 0 -1,
  0 0 -1,0 0 -1,
  0 0 1,0 0 1,
  0 0 1,0 0 1,
  0 0 1,0 0 1,
  0 -1 0,0 -1 0,
  0 -1 0,0 -1 0,
  0 -1 0,0 -1 0,
  1 0 0,1 0 0,
  1 0 0,1 0 0,
  1 0 0,1 0 0,
  0 1 0,0 1 0,
  0 1 0,0 1 0,
  0 1 0,0 1 0,
  -1 0 0,-1 0 0,
  -1 0 0,-1 0 0,
  -1 0 0,-1 0 0] }
}
}
] }
] }
] }
DEF TXFM_14 Transform {
  center 0 0 0
  rotation 0 0 1 0
  scale 1 1 1
  scaleOrientation 0 0 1 0
  translation 0 0 0
 children [
DEF SHAPE_5 Shape {
 appearance DEF APP_5 Appearance {
  material Material {
   ambientIntensity 1
   diffuseColor 0 0 0
   emissiveColor 0 0 0
   shininess 0.0099999998
   specularColor 0.1 0.1 0.1
   transparency 0
} }
 geometry DEF FACE_5 IndexedFaceSet {
  coord DEF COORD_5 Coordinate { point [
  13.779528 8.8582677 0.31003937,-13.779528 8.8582677 0.31003937,
  -13.779528 -8.8582677 0.31003937,13.779528 -8.8582677 0.31003937,
  13.779528 8.8582677 -0.31003937,-13.779528 8.8582677 -0.31003937,
  -13.779528 -8.8582677 -0.31003937,13.779528 -8.8582677 -0.31003937] }
 coordIndex [
  0,1,2,-1,0,2,3,-1,5,4,6,-1,6,4,7,-1]
  normalPerVertex TRUE
  normal DEF NORM_5 Normal { vector [
  0 0 1,0 0 1,
  0 0 1,0 0 1,
  0 0 -1,0 0 -1,
  0 0 -1,0 0 -1] }
}
}
DEF SHAPE_6 Shape {
 appearance USE APP_5
 geometry DEF FACE_6 IndexedFaceSet {
  coord DEF COORD_6 Coordinate { point [
  -13.779528 8.8582677 0.31003937,13.779528 8.8582677 0.31003937,
  -13.779528 8.8582677 -0.31003937,-13.779528 8.8582677 -0.31003937,
  13.779528 8.8582677 0.31003937,13.779528 8.8582677 -0.31003937,
  -13.779528 -8.8582677 0.31003937,-13.779528 8.8582677 0.31003937,
  -13.779528 -8.8582677 -0.31003937,-13.779528 -8.8582677 -0.31003937,
  -13.779528 8.8582677 0.31003937,-13.779528 8.8582677 -0.31003937,
  13.779528 -8.8582677 0.31003937,-13.779528 -8.8582677 0.31003937,
  13.779528 -8.8582677 -0.31003937,13.779528 -8.8582677 -0.31003937,
  -13.779528 -8.8582677 0.31003937,-13.779528 -8.8582677 -0.31003937,
  13.779528 8.8582677 0.31003937,13.779528 -8.8582677 0.31003937,
  13.779528 8.8582677 -0.31003937,13.779528 8.8582677 -0.31003937,
  13.779528 -8.8582677 0.31003937,13.779528 -8.8582677 -0.31003937] }
 coordIndex [
  0,1,2,-1,3,4,5,-1,6,7,8,-1,9,10,11,-1,12,13,14,-1,15,16,17,-1,18,19,20,-1,21,22,23,-1]
  normalPerVertex TRUE
  normal DEF NORM_6 Normal { vector [
  0 1 0,0 1 0,
  0 1 0,0 1 0,
  0 1 0,0 1 0,
  -1 0 0,-1 0 0,
  -1 0 0,-1 0 0,
  -1 0 0,-1 0 0,
  0 -1 0,0 -1 0,
  0 -1 0,0 -1 0,
  0 -1 0,0 -1 0,
  1 0 0,1 0 0,
  1 0 0,1 0 0,
  1 0 0,1 0 0] }
}
}
] }
DEF TXFM_15 Transform {
  center 0 0 0
  rotation 0 0 1 0
  scale 1 1 1
  scaleOrientation 0 0 1 0
  translation 0 0 0
 children [
DEF SHAPE_7 Shape {
 appearance DEF APP_6 Appearance {
  material Material {
   ambientIntensity 1
   diffuseColor 0.078431375 0.2 0.14117648
   emissiveColor 0 0 0
   shininess 0.30000001
   specularColor 0.35490197 0.44 0.39882353
   transparency 0.17
} }
 geometry DEF FACE_7 IndexedFaceSet {
  coord DEF COORD_7 Coordinate { point [
  13.779528 8.8582677 0.31988189,-13.779528 8.8582677 0.31988189,
  -13.779528 -8.8582677 0.31988189,13.779528 -8.8582677 0.31988189] }
 coordIndex [
  0,1,2,-1,0,2,3,-1]
  normalPerVertex TRUE
  normal DEF NORM_7 Normal { vector [
  0 0 1,0 0 1,
  0 0 1,0 0 1] }
}
}
] }
DEF TXFM_16 Transform {
  center 0 0 0
  rotation 0 0 1 0
  scale 1 1 1
  scaleOrientation 0 0 1 0
  translation 0 0 0
 children [
DEF SHAPE_8 Shape {
 appearance DEF APP_7 Appearance {
  material Material {
   ambientIntensity 1
   diffuseColor 0.078431375 0.2 0.14117648
   emissiveColor 0 0 0
   shininess 0.30000001
   specularColor 0.35490197 0.44 0.39882353
   transparency 0.17
} }
 geometry DEF FACE_8 IndexedFaceSet {
  coord DEF COORD_8 Coordinate { point [
  13.779528 8.8582677 -0.31988189,-13.779528 8.8582677 -0.31988189,
  -13.779528 -8.8582677 -0.31988189,13.779528 -8.8582677 -0.31988189] }
 coordIndex [
  1,0,2,-1,2,0,3,-1]
  normalPerVertex TRUE
  normal DEF NORM_8 Normal { vector [
  0 0 -1,0 0 -1,
  0 0 -1,0 0 -1] }
}
}
] }
DEF TXFM_17 Transform {
  center 0 0 0
  rotation 0 0 1 0
  scale 1 1 1
  scaleOrientation 0 0 1 0
  translation 0 0 0
 children [
DEF SHAPE_9 Shape {
 appearance DEF APP_8 Appearance {
  material Material {
   ambientIntensity 0.72857141
   diffuseColor 0.96078432 0.96078432 0.96078432
   emissiveColor 0 0 0
   shininess 0.02
   specularColor 0.96470588 0.96470588 0.96470588
   transparency 0
} }
 geometry DEF FACE_9 IndexedFaceSet {
  coord DEF COORD_9 Coordinate { point [
  -5.9510327 -7.5044417 0.34448819,-5.953222 -7.5077177 0.34448819,
  -5.9556421 -7.5108366 0.34448819,-5.9743898 -7.5483319 0.34448819,
  -5.975102 -7.5509319 0.34448819,-5.9762528 -7.5533685 0.34448819,
  -5.9950004 -7.6283591 0.34448819,-5.9951472 -7.6313701 0.34448819,
  -5.995735 -7.6343268 0.34448819,-5.995735 -7.6905697 0.34448819,
  -5.9951472 -7.693526 0.34448819,-5.9950004 -7.6965374 0.34448819,
  -5.9762528 -7.771528 0.34448819,-5.975102 -7.7739642 0.34448819,
  -5.9743898 -7.7765646 0.34448819,-5.9556421 -7.8140598 0.34448819,
  -5.953222 -7.8171783 0.34448819,-5.9510327 -7.8204547 0.34448819,
  -5.9135374 -7.8579504 0.34448819,-5.9125126 -7.858635 0.34448819,
  -5.9122602 -7.8591398 0.34448819,-5.9088358 -7.8610921 0.34448819,
  -5.9055543 -7.8632846 0.34448819,-5.9049898 -7.8632846 0.34448819,
  -5.9039193 -7.8638949 0.34448819,-5.8476768 -7.8826425 0.34448819,
  -5.8437634 -7.8831354 0.34448819,-5.8398953 -7.8839051 0.34448819,
  -5.8024 -7.8839051 0.34448819,-5.7985319 -7.8831354 0.34448819,
  -5.7946189 -7.8826425 0.34448819,-5.738376 -7.8638949 0.34448819,
  -5.7373051 -7.8632843 0.34448819,-5.7367406 -7.8632843 0.34448819,
  -5.7334598 -7.8610917 0.34448819,-5.730035 -7.8591398 0.34448819,
  -5.7297831 -7.8586354 0.34448819,-5.7287575 -7.8579504 0.34448819,
  -5.7100098 -7.8392024 0.34448819,-5.7046764 -7.8312193 0.34448819,
  -5.7046764 -7.8123866 0.34448819,-5.7179937 -7.7990701 0.34448819,
  -5.736826 -7.7990701 0.34448819,-5.7448091 -7.8044039 0.34448819,
  -5.7594492 -7.8190441 0.34448819,-5.8063933 -7.8346925 0.34448819,
  -5.835902 -7.8346925 0.34448819,-5.8828461 -7.8190445 0.34448819,
  -5.9134102 -7.7884803 0.34448819,-5.929165 -7.7569713 0.34448819,
  -5.9465224 -7.6875402 0.34448819,-5.9465224 -7.6373559 0.34448819,
  -5.929165 -7.5679248 0.34448819,-5.9134102 -7.5364161 0.34448819,
  -5.8828469 -7.5058524 0.34448819,-5.835902 -7.4902043 0.34448819,
  -5.8063933 -7.4902043 0.34448819,-5.7594488 -7.5058524 0.34448819,
  -5.7448087 -7.5204925 0.34448819,-5.7368256 -7.5258264 0.34448819,
  -5.7179933 -7.5258264 0.34448819,-5.7046764 -7.5125094 0.34448819,
  -5.7046764 -7.4936772 0.34448819,-5.7100102 -7.4856941 0.34448819,
  -5.7287579 -7.4669465 0.34448819,-5.7297831 -7.4662614 0.34448819,
  -5.730035 -7.4657571 0.34448819,-5.7334622 -7.4638031 0.34448819,
  -5.7367409 -7.4616126 0.34448819,-5.7373047 -7.4616126 0.34448819,
  -5.738376 -7.461002 0.34448819,-5.7946189 -7.4422543 0.34448819,
  -5.7985319 -7.441761 0.34448819,-5.8024 -7.4409917 0.34448819,
  -5.8398953 -7.4409917 0.34448819,-5.8437634 -7.441761 0.34448819,
  -5.8476768 -7.4422543 0.34448819,-5.9039193 -7.461002 0.34448819,
  -5.9049906 -7.4616126 0.34448819,-5.9055543 -7.4616126 0.34448819,
  -5.9088335 -7.4638031 0.34448819,-5.9122602 -7.4657571 0.34448819,
  -5.9125126 -7.4662614 0.34448819,-5.9135374 -7.4669465 0.34448819,
  -5.3163094 -7.5044417 0.34448819,-5.3538047 -7.4669465 0.34448819,
  -5.3570811 -7.4647571 0.34448819,-5.3601996 -7.462337 0.34448819,
  -5.3976949 -7.4435894 0.34448819,-5.3988839 -7.4432638 0.34448819,
  -5.3992827 -7.442865 0.34448819,-5.403152 -7.4420953 0.34448819,
  -5.4069551 -7.4410539 0.34448819,-5.4074902 -7.4412319 0.34448819,
  -5.4086992 -7.4409917 0.34448819,-5.4836898 -7.4409917 0.34448819,
  -5.4848992 -7.4412319 0.34448819,-5.4854339 -7.4410539 0.34448819,
  -5.4892374 -7.4420953 0.34448819,-5.4931063 -7.442865 0.34448819,
  -5.4935055 -7.4432638 0.34448819,-5.4946941 -7.4435894 0.34448819,
  -5.5321894 -7.462337 0.34448819,-5.5353083 -7.4647571 0.34448819,
  -5.5385843 -7.4669465 0.34448819,-5.5760795 -7.5044417 0.34448819,
  -5.5775602 -7.5066575 0.34448819,-5.5784508 -7.5071921 0.34448819,
  -5.579739 -7.5099181 0.34448819,-5.5814134 -7.5124248 0.34448819,
  -5.5814134 -7.513463 0.34448819,-5.582552 -7.5158732 0.34448819,
  -5.6012996 -7.5908638 0.34448819,-5.6014465 -7.5938748 0.34448819,
  -5.6020343 -7.5968315 0.34448819,-5.6020343 -7.5998606 0.34448819,
  -5.6020343 -7.728065 0.34448819,-5.6014465 -7.7310213 0.34448819,
  -5.6012996 -7.7340327 0.34448819,-5.582552 -7.8090232 0.34448819,
  -5.5814134 -7.8114331 0.34448819,-5.5814134 -7.8124717 0.34448819,
  -5.579739 -7.814978 0.34448819,-5.5784508 -7.8177043 0.34448819,
  -5.5775602 -7.8182386 0.34448819,-5.5760795 -7.8204547 0.34448819,
  -5.5385843 -7.8579504 0.34448819,-5.5353067 -7.8601406 0.34448819,
  -5.5321894 -7.8625598 0.34448819,-5.4946941 -7.8813075 0.34448819,
  -5.4935055 -7.8816327 0.34448819,-5.4931063 -7.8820319 0.34448819,
  -5.4892374 -7.8828012 0.34448819,-5.4854339 -7.8838429 0.34448819,
  -5.4848992 -7.8836646 0.34448819,-5.4836898 -7.8839051 0.34448819,
  -5.4086992 -7.8839051 0.34448819,-5.4074902 -7.8836646 0.34448819,
  -5.4069551 -7.8838429 0.34448819,-5.403152 -7.8828012 0.34448819,
  -5.3992827 -7.8820319 0.34448819,-5.3988839 -7.8816327 0.34448819,
  -5.3976949 -7.8813075 0.34448819,-5.3601996 -7.8625598 0.34448819,
  -5.3570811 -7.8601394 0.34448819,-5.3538047 -7.8579504 0.34448819,
  -5.3163091 -7.8204547 0.34448819,-5.3148283 -7.8182382 0.34448819,
  -5.3139382 -7.8177043 0.34448819,-5.3126512 -7.8149799 0.34448819,
  -5.3109752 -7.8124717 0.34448819,-5.3109752 -7.8114323 0.34448819,
  -5.309837 -7.8090232 0.34448819,-5.2910894 -7.7340331 0.34448819,
  -5.2909429 -7.7310213 0.34448819,-5.2903547 -7.728065 0.34448819,
  -5.2903547 -7.5968315 0.34448819,-5.2909429 -7.5938748 0.34448819,
  -5.2910894 -7.5908634 0.34448819,-5.309837 -7.5158732 0.34448819,
  -5.3109756 -7.513463 0.34448819,-5.3109756 -7.5124248 0.34448819,
  -5.3126504 -7.5099181 0.34448819,-5.3139382 -7.5071921 0.34448819,
  -5.3148291 -7.5066575 0.34448819,-5.3395673 -7.5998606 0.34448819,
  -5.3395673 -7.7250358 0.34448819,-5.3559276 -7.7904756 0.34448819,
  -5.3857795 -7.820328 0.34448819,-5.4145083 -7.8346925 0.34448819,
  -5.4778807 -7.8346925 0.34448819,-5.5066091 -7.8203283 0.34448819,
  -5.5364618 -7.7904756 0.34448819,-5.5528217 -7.7250354 0.34448819,
  -5.5528217 -7.5998606 0.34448819,-5.5364618 -7.5344205 0.34448819,
  -5.5066098 -7.5045689 0.34448819,-5.4778807 -7.4902043 0.34448819,
  -5.4145083 -7.4902043 0.34448819,-5.3857791 -7.5045689 0.34448819,
  -5.3559276 -7.5344205 0.34448819,-4.732435 -7.5044417 0.34448819,
  -4.7346244 -7.5077177 0.34448819,-4.7370445 -7.5108366 0.34448819,
  -4.7557921 -7.5483319 0.34448819,-4.7565043 -7.5509319 0.34448819,
  -4.7576551 -7.5533685 0.34448819,-4.7764028 -7.6283591 0.34448819,
  -4.7765496 -7.6313701 0.34448819,-4.7771374 -7.6343268 0.34448819,
  -4.7771374 -7.6905697 0.34448819,-4.7765496 -7.693526 0.34448819,
  -4.7764028 -7.6965374 0.34448819,-4.7576551 -7.771528 0.34448819,
  -4.7565043 -7.7739642 0.34448819,-4.7557921 -7.7765646 0.34448819,
  -4.7370445 -7.8140598 0.34448819,-4.7346244 -7.8171783 0.34448819,
  -4.732435 -7.8204547 0.34448819,-4.6949398 -7.8579504 0.34448819,
  -4.693915 -7.858635 0.34448819,-4.6936626 -7.8591398 0.34448819,
  -4.6902382 -7.8610921 0.34448819,-4.6869567 -7.8632846 0.34448819,
  -4.6863921 -7.8632846 0.34448819,-4.6853217 -7.8638949 0.34448819,
  -4.6290791 -7.8826425 0.34448819,-4.6251657 -7.8831354 0.34448819,
  -4.6212976 -7.8839051 0.34448819,-4.5838024 -7.8839051 0.34448819,
  -4.5799343 -7.8831354 0.34448819,-4.5760213 -7.8826425 0.34448819,
  -4.5197783 -7.8638949 0.34448819,-4.5187075 -7.8632843 0.34448819,
  -4.5181429 -7.8632843 0.34448819,-4.5148622 -7.8610917 0.34448819,
  -4.5114374 -7.8591398 0.34448819,-4.5111854 -7.8586354 0.34448819,
  -4.5101598 -7.8579504 0.34448819,-4.4914122 -7.8392024 0.34448819,
  -4.4860787 -7.8312193 0.34448819,-4.4860787 -7.8123866 0.34448819,
  -4.4993961 -7.7990701 0.34448819,-4.5182283 -7.7990701 0.34448819,
  -4.5262114 -7.8044039 0.34448819,-4.5408516 -7.8190441 0.34448819,
  -4.5877957 -7.8346925 0.34448819,-4.6173043 -7.8346925 0.34448819,
  -4.6642484 -7.8190445 0.34448819,-4.6948126 -7.7884803 0.34448819,
  -4.7105673 -7.7569713 0.34448819,-4.7279248 -7.6875402 0.34448819,
  -4.7279248 -7.6373559 0.34448819,-4.7105673 -7.5679248 0.34448819,
  -4.6948126 -7.5364161 0.34448819,-4.6642492 -7.5058524 0.34448819,
  -4.6173043 -7.4902043 0.34448819,-4.5877957 -7.4902043 0.34448819,
  -4.5408512 -7.5058524 0.34448819,-4.526211 -7.5204925 0.34448819,
  -4.518228 -7.5258264 0.34448819,-4.4993957 -7.5258264 0.34448819,
  -4.4860787 -7.5125094 0.34448819,-4.4860787 -7.4936772 0.34448819,
  -4.4914126 -7.4856941 0.34448819,-4.5101602 -7.4669465 0.34448819,
  -4.5111854 -7.4662614 0.34448819,-4.5114374 -7.4657571 0.34448819,
  -4.5148646 -7.4638031 0.34448819,-4.5181433 -7.4616126 0.34448819,
  -4.5187071 -7.4616126 0.34448819,-4.5197783 -7.461002 0.34448819,
  -4.5760213 -7.4422543 0.34448819,-4.5799343 -7.441761 0.34448819,
  -4.5838024 -7.4409917 0.34448819,-4.6212976 -7.4409917 0.34448819,
  -4.6251657 -7.441761 0.34448819,-4.6290791 -7.4422543 0.34448819,
  -4.6853217 -7.461002 0.34448819,-4.6863929 -7.4616126 0.34448819,
  -4.6869567 -7.4616126 0.34448819,-4.6902358 -7.4638031 0.34448819,
  -4.6936626 -7.4657571 0.34448819,-4.693915 -7.4662614 0.34448819,
  -4.6949398 -7.4669465 0.34448819,-4.3154764 -7.6284681 0.34448819,
  -4.3154764 -7.4902043 0.34448819,-4.1526063 -7.4902043 0.34448819,
  -4.1431898 -7.4883311 0.34448819,-4.1298732 -7.4750146 0.34448819,
  -4.1298732 -7.4561815 0.34448819,-4.1431898 -7.442865 0.34448819,
  -4.1526063 -7.4409917 0.34448819,-4.3400827 -7.4409917 0.34448819,
  -4.3494992 -7.442865 0.34448819,-4.3628157 -7.4561815 0.34448819,
  -4.364689 -7.465598 0.34448819,-4.364689 -7.8592988 0.34448819,
  -4.3628157 -7.8687154 0.34448819,-4.3494992 -7.8820319 0.34448819,
  -4.3400827 -7.8839051 0.34448819,-4.1526063 -7.8839051 0.34448819,
  -4.1431898 -7.8820319 0.34448819,-4.1298732 -7.8687154 0.34448819,
  -4.1298732 -7.8498823 0.34448819,-4.1431898 -7.8365657 0.34448819,
  -4.1526063 -7.8346925 0.34448819,-4.3154764 -7.8346925 0.34448819,
  -4.3154764 -7.6776807 0.34448819,-4.2088492 -7.6776807 0.34448819,
  -4.1994327 -7.6758075 0.34448819,-4.1861161 -7.6624909 0.34448819,
  -4.1861161 -7.6436579 0.34448819,-4.1994327 -7.6303413 0.34448819,
  -4.2088492 -7.6284681 0.34448819,-2.1426213 -7.4561815 0.34448819,
  -2.1559378 -7.442865 0.34448819,-2.1747709 -7.442865 0.34448819,
  -2.1880874 -7.4561815 0.34448819,-2.1899606 -7.465598 0.34448819,
  -2.1899606 -7.8592988 0.34448819,-2.1880874 -7.8687154 0.34448819,
  -2.1747709 -7.8820319 0.34448819,-2.1653543 -7.8839051 0.34448819,
  -1.977878 -7.8839051 0.34448819,-1.9684614 -7.8820319 0.34448819,
  -1.9551449 -7.8687154 0.34448819,-1.9551449 -7.8498823 0.34448819,
  -1.9684614 -7.8365657 0.34448819,-1.977878 -7.8346925 0.34448819,
  -2.140748 -7.8346925 0.34448819,-2.140748 -7.465598 0.34448819,
  -0.17224409 -7.465598 0.34448819,-0.17411732 -7.4561815 0.34448819,
  -0.18743386 -7.442865 0.34448819,-0.20626693 -7.442865 0.34448819,
  -0.21958346 -7.4561815 0.34448819,-0.22145669 -7.465598 0.34448819,
  -0.22145669 -7.7666421 0.34448819,-0.40045787 -7.4533898 0.34448819,
  -0.4067563 -7.4461433 0.34448819,-0.41001654 -7.4452539 0.34448819,
  -0.41240551 -7.442865 0.34448819,-0.41877677 -7.442865 0.34448819,
  -0.4249248 -7.4411882 0.34448819,-0.42785906 -7.442865 0.34448819,
  -0.43123858 -7.442865 0.34448819,-0.43574488 -7.4473709 0.34448819,
  -0.44127677 -7.4505323 0.34448819,-0.44216614 -7.4537921 0.34448819,
  -0.44455512 -7.4561815 0.34448819,-0.44642835 -7.465598 0.34448819,
  -0.44642835 -7.8592988 0.34448819,-0.44455512 -7.8687154 0.34448819,
  -0.43123858 -7.8820319 0.34448819,-0.41240551 -7.8820319 0.34448819,
  -0.39908898 -7.8687154 0.34448819,-0.39721575 -7.8592988 0.34448819,
  -0.39721575 -7.5582543 0.34448819,-0.21821457 -7.8715071 0.34448819,
  -0.21191614 -7.8787535 0.34448819,-0.2086563 -7.8796425 0.34448819,
  -0.20626693 -7.8820319 0.34448819,-0.19989567 -7.8820319 0.34448819,
  -0.19374764 -7.8837087 0.34448819,-0.19081339 -7.8820319 0.34448819,
  -0.18743386 -7.8820319 0.34448819,-0.18292874 -7.8775264 0.34448819,
  -0.17739567 -7.874365 0.34448819,-0.17650669 -7.8711043 0.34448819,
  -0.17411732 -7.8687154 0.34448819,-0.17224409 -7.8592988 0.34448819,
  -0.88652795 -7.6999008 0.34448819,-0.89984449 -7.6865843 0.34448819,
  -0.90926102 -7.684711 0.34448819,-1.2092236 -7.684711 0.34448819,
  -1.2186402 -7.6865843 0.34448819,-1.2319567 -7.6999008 0.34448819,
  -1.2319567 -7.7187339 0.34448819,-1.2186402 -7.7320504 0.34448819,
  -1.2092236 -7.7339236 0.34448819,-0.90926102 -7.7339236 0.34448819,
  -0.89984449 -7.7320504 0.34448819,-0.88652795 -7.7187339 0.34448819,
  -1.7943866 -7.8687154 0.34448819,-1.7810701 -7.8820319 0.34448819,
  -1.762237 -7.8820319 0.34448819,-1.7489205 -7.8687154 0.34448819,
  -1.7470472 -7.8592988 0.34448819,-1.7470472 -7.6789874 0.34448819,
  -1.6196606 -7.4788087 0.34448819,-1.6161854 -7.4698583 0.34448819,
  -1.6202709 -7.4514744 0.34448819,-1.6361594 -7.4413634 0.34448819,
  -1.6545437 -7.4454488 0.34448819,-1.6611795 -7.4523874 0.34448819,
  -1.7716535 -7.6259894 0.34448819,-1.8821276 -7.4523874 0.34448819,
  -1.8887634 -7.4454488 0.34448819,-1.9071476 -7.4413634 0.34448819,
  -1.9230362 -7.4514744 0.34448819,-1.9271217 -7.4698587 0.34448819,
  -1.9236465 -7.4788087 0.34448819,-1.7962598 -7.6789874 0.34448819,
  -1.7962598 -7.8592988 0.34448819,0.43658465 -7.8687154 0.34448819,
  0.44990118 -7.8820319 0.34448819,0.46873425 -7.8820319 0.34448819,
  0.48205079 -7.8687154 0.34448819,0.48392402 -7.8592988 0.34448819,
  0.48392402 -7.4902043 0.34448819,0.57180354 -7.4902043 0.34448819,
  0.58122008 -7.4883311 0.34448819,0.59453661 -7.4750146 0.34448819,
  0.59453661 -7.4561815 0.34448819,0.58122008 -7.442865 0.34448819,
  0.57180354 -7.4409917 0.34448819,0.34683189 -7.4409917 0.34448819,
  0.33741535 -7.442865 0.34448819,0.32409882 -7.4561815 0.34448819,
  0.32409882 -7.4750146 0.34448819,0.33741535 -7.4883311 0.34448819,
  0.34683189 -7.4902043 0.34448819,0.43471142 -7.4902043 0.34448819,
  0.43471142 -7.8592988 0.34448819,0.23299724 -7.5044417 0.34448819,
  0.19550197 -7.4669465 0.34448819,0.19222559 -7.4647571 0.34448819,
  0.18910709 -7.462337 0.34448819,0.15161181 -7.4435894 0.34448819,
  0.15042283 -7.4432638 0.34448819,0.15002402 -7.442865 0.34448819,
  0.14615472 -7.4420953 0.34448819,0.14235157 -7.4410539 0.34448819,
  0.14181654 -7.4412319 0.34448819,0.14060748 -7.4409917 0.34448819,
  0.065616929 -7.4409917 0.34448819,0.06440748 -7.4412319 0.34448819,
  0.063872835 -7.4410539 0.34448819,0.060069291 -7.4420953 0.34448819,
  0.056200394 -7.442865 0.34448819,0.055801181 -7.4432638 0.34448819,
  0.054612598 -7.4435894 0.34448819,0.017117323 -7.462337 0.34448819,
  0.013998425 -7.4647571 0.34448819,0.010722441 -7.4669465 0.34448819,
  -0.026772835 -7.5044417 0.34448819,-0.028253543 -7.5066575 0.34448819,
  -0.029144094 -7.5071921 0.34448819,-0.030432283 -7.5099181 0.34448819,
  -0.032106693 -7.5124248 0.34448819,-0.032106693 -7.513463 0.34448819,
  -0.033245276 -7.5158732 0.34448819,-0.051992913 -7.5908638 0.34448819,
  -0.052139764 -7.5938748 0.34448819,-0.052727559 -7.5968315 0.34448819,
  -0.052727559 -7.5998606 0.34448819,-0.052727559 -7.728065 0.34448819,
  -0.052139764 -7.7310213 0.34448819,-0.051992913 -7.7340327 0.34448819,
  -0.033245276 -7.8090232 0.34448819,-0.032106693 -7.8114331 0.34448819,
  -0.032106693 -7.8124717 0.34448819,-0.030432283 -7.814978 0.34448819,
  -0.029144094 -7.8177043 0.34448819,-0.028253543 -7.8182386 0.34448819,
  -0.026772835 -7.8204547 0.34448819,0.010722441 -7.8579504 0.34448819,
  0.014 -7.8601406 0.34448819,0.017117323 -7.8625598 0.34448819,
  0.054612598 -7.8813075 0.34448819,0.055801181 -7.8816327 0.34448819,
  0.056200394 -7.8820319 0.34448819,0.060069291 -7.8828012 0.34448819,
  0.063872835 -7.8838429 0.34448819,0.06440748 -7.8836646 0.34448819,
  0.065616929 -7.8839051 0.34448819,0.14060748 -7.8839051 0.34448819,
  0.14181654 -7.8836646 0.34448819,0.14235157 -7.8838429 0.34448819,
  0.14615472 -7.8828012 0.34448819,0.15002402 -7.8820319 0.34448819,
  0.15042283 -7.8816327 0.34448819,0.15161181 -7.8813075 0.34448819,
  0.18910709 -7.8625598 0.34448819,0.19222559 -7.8601394 0.34448819,
  0.19550197 -7.8579504 0.34448819,0.23299764 -7.8204547 0.34448819,
  0.23447835 -7.8182382 0.34448819,0.2353685 -7.8177043 0.34448819,
  0.23665551 -7.8149799 0.34448819,0.2383315 -7.8124717 0.34448819,
  0.2383315 -7.8114323 0.34448819,0.23946969 -7.8090232 0.34448819,
  0.25821732 -7.7340331 0.34448819,0.25836378 -7.7310213 0.34448819,
  0.25895197 -7.728065 0.34448819,0.25895197 -7.5968315 0.34448819,
  0.25836378 -7.5938748 0.34448819,0.25821732 -7.5908634 0.34448819,
  0.23946969 -7.5158732 0.34448819,0.2383311 -7.513463 0.34448819,
  0.2383311 -7.5124248 0.34448819,0.2366563 -7.5099181 0.34448819,
  0.2353685 -7.5071921 0.34448819,0.23447756 -7.5066575 0.34448819,
  0.20973937 -7.5998606 0.34448819,0.20973937 -7.7250358 0.34448819,
  0.19337913 -7.7904756 0.34448819,0.16352717 -7.820328 0.34448819,
  0.13479843 -7.8346925 0.34448819,0.071425984 -7.8346925 0.34448819,
  0.042697638 -7.8203283 0.34448819,0.012844882 -7.7904756 0.34448819,
  -0.0035149606 -7.7250354 0.34448819,-0.0035149606 -7.5998606 0.34448819,
  0.012844882 -7.5344205 0.34448819,0.04269685 -7.5045689 0.34448819,
  0.071425984 -7.4902043 0.34448819,0.13479843 -7.4902043 0.34448819,
  0.16352756 -7.5045689 0.34448819,0.19337913 -7.5344205 0.34448819,
  1.5828287 -7.5044417 0.34448819,1.5453335 -7.4669465 0.34448819,
  1.5420571 -7.4647571 0.34448819,1.5389386 -7.462337 0.34448819,
  1.5014433 -7.4435894 0.34448819,1.5002543 -7.4432638 0.34448819,
  1.4998555 -7.442865 0.34448819,1.4959862 -7.4420953 0.34448819,
  1.4921831 -7.4410539 0.34448819,1.491648 -7.4412319 0.34448819,
  1.490439 -7.4409917 0.34448819,1.4154484 -7.4409917 0.34448819,
  1.414239 -7.4412319 0.34448819,1.4137043 -7.4410539 0.34448819,
  1.4099008 -7.4420953 0.34448819,1.4060319 -7.442865 0.34448819,
  1.4056327 -7.4432638 0.34448819,1.4044441 -7.4435894 0.34448819,
  1.3669488 -7.462337 0.34448819,1.3638299 -7.4647571 0.34448819,
  1.3605539 -7.4669465 0.34448819,1.3230587 -7.5044417 0.34448819,
  1.321578 -7.5066575 0.34448819,1.3206874 -7.5071921 0.34448819,
  1.3193992 -7.5099181 0.34448819,1.3177248 -7.5124248 0.34448819,
  1.3177248 -7.513463 0.34448819,1.3165862 -7.5158732 0.34448819,
  1.2978386 -7.5908638 0.34448819,1.2976917 -7.5938748 0.34448819,
  1.2971039 -7.5968315 0.34448819,1.2971039 -7.5998606 0.34448819,
  1.2971039 -7.728065 0.34448819,1.2976917 -7.7310213 0.34448819,
  1.2978386 -7.7340327 0.34448819,1.3165862 -7.8090232 0.34448819,
  1.3177248 -7.8114331 0.34448819,1.3177248 -7.8124717 0.34448819,
  1.3193992 -7.814978 0.34448819,1.3206874 -7.8177043 0.34448819,
  1.321578 -7.8182386 0.34448819,1.3230587 -7.8204547 0.34448819,
  1.3605539 -7.8579504 0.34448819,1.3638315 -7.8601406 0.34448819,
  1.3669488 -7.8625598 0.34448819,1.4044441 -7.8813075 0.34448819,
  1.4056327 -7.8816327 0.34448819,1.4060319 -7.8820319 0.34448819,
  1.4099008 -7.8828012 0.34448819,1.4137043 -7.8838429 0.34448819,
  1.414239 -7.8836646 0.34448819,1.4154484 -7.8839051 0.34448819,
  1.490439 -7.8839051 0.34448819,1.491648 -7.8836646 0.34448819,
  1.4921831 -7.8838429 0.34448819,1.4959862 -7.8828012 0.34448819,
  1.4998555 -7.8820319 0.34448819,1.5002543 -7.8816327 0.34448819,
  1.5014433 -7.8813075 0.34448819,1.5389386 -7.8625598 0.34448819,
  1.5420571 -7.8601394 0.34448819,1.5453335 -7.8579504 0.34448819,
  1.5828291 -7.8204547 0.34448819,1.5843098 -7.8182382 0.34448819,
  1.5852 -7.8177043 0.34448819,1.586487 -7.8149799 0.34448819,
  1.588163 -7.8124717 0.34448819,1.588163 -7.8114323 0.34448819,
  1.5893012 -7.8090232 0.34448819,1.6080488 -7.7340331 0.34448819,
  1.6081953 -7.7310213 0.34448819,1.6087835 -7.728065 0.34448819,
  1.6087835 -7.5968315 0.34448819,1.6081953 -7.5938748 0.34448819,
  1.6080488 -7.5908634 0.34448819,1.5893012 -7.5158732 0.34448819,
  1.5881626 -7.513463 0.34448819,1.5881626 -7.5124248 0.34448819,
  1.5864878 -7.5099181 0.34448819,1.5852 -7.5071921 0.34448819,
  1.5843091 -7.5066575 0.34448819,1.5595709 -7.5998606 0.34448819,
  1.5595709 -7.7250358 0.34448819,1.5432106 -7.7904756 0.34448819,
  1.5133587 -7.820328 0.34448819,1.4846299 -7.8346925 0.34448819,
  1.4212575 -7.8346925 0.34448819,1.3925291 -7.8203283 0.34448819,
  1.3626764 -7.7904756 0.34448819,1.3463165 -7.7250354 0.34448819,
  1.3463165 -7.5998606 0.34448819,1.3626764 -7.5344205 0.34448819,
  1.3925283 -7.5045689 0.34448819,1.4212575 -7.4902043 0.34448819,
  1.4846299 -7.4902043 0.34448819,1.5133591 -7.5045689 0.34448819,
  1.5432106 -7.5344205 0.34448819,3.3230823 -7.8601409 0.34448819,
  3.3263614 -7.8579504 0.34448819,3.3451091 -7.8392024 0.34448819,
  3.3472992 -7.8359236 0.34448819,3.3497181 -7.8328075 0.34448819,
  3.3684657 -7.7953122 0.34448819,3.3687909 -7.7941232 0.34448819,
  3.3691902 -7.7937244 0.34448819,3.3699594 -7.7898551 0.34448819,
  3.3710012 -7.786052 0.34448819,3.3708228 -7.7855169 0.34448819,
  3.3710634 -7.7843079 0.34448819,3.3710634 -7.728065 0.34448819,
  3.3708228 -7.7268555 0.34448819,3.3710012 -7.7263209 0.34448819,
  3.3699594 -7.7225173 0.34448819,3.3691902 -7.7186484 0.34448819,
  3.3687909 -7.7182492 0.34448819,3.3684657 -7.7170606 0.34448819,
  3.3497181 -7.6795654 0.34448819,3.3472976 -7.6764465 0.34448819,
  3.3451087 -7.6731705 0.34448819,3.326361 -7.6544228 0.34448819,
  3.3253358 -7.6537378 0.34448819,3.3250839 -7.6532335 0.34448819,
  3.3216567 -7.6512795 0.34448819,3.318378 -7.649089 0.34448819,
  3.3178142 -7.649089 0.34448819,3.3167429 -7.6484783 0.34448819,
  3.3123315 -7.6470079 0.34448819,3.326361 -7.6329783 0.34448819,
  3.32855 -7.629702 0.34448819,3.3309705 -7.6265835 0.34448819,
  3.3497181 -7.5890882 0.34448819,3.3500433 -7.5878992 0.34448819,
  3.3504425 -7.5875004 0.34448819,3.3512118 -7.5836311 0.34448819,
  3.3522535 -7.579828 0.34448819,3.3520752 -7.5792929 0.34448819,
  3.3523157 -7.5780839 0.34448819,3.3523157 -7.5405886 0.34448819,
  3.3520752 -7.5393791 0.34448819,3.3522535 -7.5388445 0.34448819,
  3.3512118 -7.5350409 0.34448819,3.3504425 -7.531172 0.34448819,
  3.3500433 -7.5307728 0.34448819,3.3497181 -7.5295843 0.34448819,
  3.3309705 -7.492089 0.34448819,3.32855 -7.4889701 0.34448819,
  3.326361 -7.4856941 0.34448819,3.3076134 -7.4669465 0.34448819,
  3.304337 -7.4647571 0.34448819,3.3012185 -7.462337 0.34448819,
  3.2637232 -7.4435894 0.34448819,3.2625343 -7.4432638 0.34448819,
  3.2621354 -7.442865 0.34448819,3.2582661 -7.4420953 0.34448819,
  3.254463 -7.4410539 0.34448819,3.253928 -7.4412319 0.34448819,
  3.2527189 -7.4409917 0.34448819,3.1214854 -7.4409917 0.34448819,
  3.1120689 -7.442865 0.34448819,3.0987524 -7.4561815 0.34448819,
  3.0968791 -7.465598 0.34448819,3.0968791 -7.6284681 0.34448819,
  3.0968791 -7.8346925 0.34448819,3.0968791 -7.8592988 0.34448819,
  3.0987524 -7.8687154 0.34448819,3.1120689 -7.8820319 0.34448819,
  3.1214854 -7.8839051 0.34448819,3.2714665 -7.8839051 0.34448819,
  3.2726756 -7.8836646 0.34448819,3.2732106 -7.8838429 0.34448819,
  3.2770138 -7.8828012 0.34448819,3.2808831 -7.8820319 0.34448819,
  3.2812819 -7.8816327 0.34448819,3.2824709 -7.8813075 0.34448819,
  3.3199661 -7.8625598 0.34448819,3.1460917 -7.6284681 0.34448819,
  3.1460917 -7.4902043 0.34448819,3.2469098 -7.4902043 0.34448819,
  3.275639 -7.5045689 0.34448819,3.2887386 -7.5176685 0.34448819,
  3.3031031 -7.5463976 0.34448819,3.3031031 -7.5722748 0.34448819,
  3.2887386 -7.6010039 0.34448819,3.275639 -7.6141035 0.34448819,
  3.2469098 -7.6284681 0.34448819,3.1460917 -7.6776807 0.34448819,
  3.2487256 -7.6776807 0.34448819,3.2956701 -7.6933287 0.34448819,
  3.3074862 -7.7051449 0.34448819,3.3218508 -7.733874 0.34448819,
  3.3218508 -7.7784988 0.34448819,3.3074862 -7.8072272 0.34448819,
  3.2943854 -7.8203283 0.34448819,3.2656575 -7.8346925 0.34448819,
  3.1460917 -7.8346925 0.34448819,4.0977118 -7.5044417 0.34448819,
  4.0955224 -7.5077177 0.34448819,4.0931024 -7.5108366 0.34448819,
  4.0743547 -7.5483319 0.34448819,4.0736425 -7.5509319 0.34448819,
  4.0724917 -7.5533685 0.34448819,4.0537441 -7.6283591 0.34448819,
  4.0535972 -7.6313701 0.34448819,4.0530094 -7.6343268 0.34448819,
  4.0530094 -7.6905697 0.34448819,4.0535972 -7.693526 0.34448819,
  4.0537441 -7.6965374 0.34448819,4.0724917 -7.771528 0.34448819,
  4.0736425 -7.7739642 0.34448819,4.0743547 -7.7765646 0.34448819,
  4.0931024 -7.8140598 0.34448819,4.0955224 -7.8171783 0.34448819,
  4.0977118 -7.8204547 0.34448819,4.1352071 -7.8579504 0.34448819,
  4.1362319 -7.858635 0.34448819,4.1364843 -7.8591398 0.34448819,
  4.1399087 -7.8610921 0.34448819,4.1431902 -7.8632846 0.34448819,
  4.1437547 -7.8632846 0.34448819,4.1448252 -7.8638949 0.34448819,
  4.2010677 -7.8826425 0.34448819,4.2049811 -7.8831354 0.34448819,
  4.2088492 -7.8839051 0.34448819,4.2463445 -7.8839051 0.34448819,
  4.2502126 -7.8831354 0.34448819,4.2541256 -7.8826425 0.34448819,
  4.3103685 -7.8638949 0.34448819,4.3114394 -7.8632843 0.34448819,
  4.3120039 -7.8632843 0.34448819,4.3152846 -7.8610917 0.34448819,
  4.3187094 -7.8591398 0.34448819,4.3189614 -7.8586354 0.34448819,
  4.319987 -7.8579504 0.34448819,4.3387346 -7.8392024 0.34448819,
  4.3440681 -7.8312193 0.34448819,4.3440681 -7.8123866 0.34448819,
  4.3307508 -7.7990701 0.34448819,4.3119185 -7.7990701 0.34448819,
  4.3039354 -7.8044039 0.34448819,4.2892953 -7.8190441 0.34448819,
  4.2423512 -7.8346925 0.34448819,4.2128425 -7.8346925 0.34448819,
  4.1658984 -7.8190445 0.34448819,4.1353343 -7.7884803 0.34448819,
  4.1195795 -7.7569713 0.34448819,4.102222 -7.6875402 0.34448819,
  4.102222 -7.6373559 0.34448819,4.1195795 -7.5679248 0.34448819,
  4.1353343 -7.5364161 0.34448819,4.1658976 -7.5058524 0.34448819,
  4.2128425 -7.4902043 0.34448819,4.2423512 -7.4902043 0.34448819,
  4.2892957 -7.5058524 0.34448819,4.3039358 -7.5204925 0.34448819,
  4.3119189 -7.5258264 0.34448819,4.3307512 -7.5258264 0.34448819,
  4.3440681 -7.5125094 0.34448819,4.3440681 -7.4936772 0.34448819,
  4.3387343 -7.4856941 0.34448819,4.3199866 -7.4669465 0.34448819,
  4.3189614 -7.4662614 0.34448819,4.3187094 -7.4657571 0.34448819,
  4.3152823 -7.4638031 0.34448819,4.3120035 -7.4616126 0.34448819,
  4.3114398 -7.4616126 0.34448819,4.3103685 -7.461002 0.34448819,
  4.2541256 -7.4422543 0.34448819,4.2502126 -7.441761 0.34448819,
  4.2463445 -7.4409917 0.34448819,4.2088492 -7.4409917 0.34448819,
  4.2049811 -7.441761 0.34448819,4.2010677 -7.4422543 0.34448819,
  4.1448252 -7.461002 0.34448819,4.1437539 -7.4616126 0.34448819,
  4.1431902 -7.4616126 0.34448819,4.139911 -7.4638031 0.34448819,
  4.1364843 -7.4657571 0.34448819,4.1362319 -7.4662614 0.34448819,
  4.1352071 -7.4669465 0.34448819,5.5573319 -7.5044417 0.34448819,
  5.5198366 -7.4669465 0.34448819,5.5165602 -7.4647571 0.34448819,
  5.5134417 -7.462337 0.34448819,5.4759465 -7.4435894 0.34448819,
  5.4747575 -7.4432638 0.34448819,5.4743587 -7.442865 0.34448819,
  5.4704894 -7.4420953 0.34448819,5.4666862 -7.4410539 0.34448819,
  5.4661512 -7.4412319 0.34448819,5.4649421 -7.4409917 0.34448819,
  5.3899516 -7.4409917 0.34448819,5.3887421 -7.4412319 0.34448819,
  5.3882075 -7.4410539 0.34448819,5.3844039 -7.4420953 0.34448819,
  5.380535 -7.442865 0.34448819,5.3801358 -7.4432638 0.34448819,
  5.3789472 -7.4435894 0.34448819,5.341452 -7.462337 0.34448819,
  5.3383331 -7.4647571 0.34448819,5.3350571 -7.4669465 0.34448819,
  5.2975618 -7.5044417 0.34448819,5.2960811 -7.5066575 0.34448819,
  5.2951906 -7.5071921 0.34448819,5.2939024 -7.5099181 0.34448819,
  5.292228 -7.5124248 0.34448819,5.292228 -7.513463 0.34448819,
  5.2910894 -7.5158732 0.34448819,5.2723417 -7.5908638 0.34448819,
  5.2721949 -7.5938748 0.34448819,5.2716071 -7.5968315 0.34448819,
  5.2716071 -7.5998606 0.34448819,5.2716071 -7.728065 0.34448819,
  5.2721949 -7.7310213 0.34448819,5.2723417 -7.7340327 0.34448819,
  5.2910894 -7.8090232 0.34448819,5.292228 -7.8114331 0.34448819,
  5.292228 -7.8124717 0.34448819,5.2939024 -7.814978 0.34448819,
  5.2951906 -7.8177043 0.34448819,5.2960811 -7.8182386 0.34448819,
  5.2975618 -7.8204547 0.34448819,5.3350571 -7.8579504 0.34448819,
  5.3383346 -7.8601406 0.34448819,5.341452 -7.8625598 0.34448819,
  5.3789472 -7.8813075 0.34448819,5.3801358 -7.8816327 0.34448819,
  5.380535 -7.8820319 0.34448819,5.3844039 -7.8828012 0.34448819,
  5.3882075 -7.8838429 0.34448819,5.3887421 -7.8836646 0.34448819,
  5.3899516 -7.8839051 0.34448819,5.4649421 -7.8839051 0.34448819,
  5.4661512 -7.8836646 0.34448819,5.4666862 -7.8838429 0.34448819,
  5.4704894 -7.8828012 0.34448819,5.4743587 -7.8820319 0.34448819,
  5.4747575 -7.8816327 0.34448819,5.4759465 -7.8813075 0.34448819,
  5.5134417 -7.8625598 0.34448819,5.5165602 -7.8601394 0.34448819,
  5.5198366 -7.8579504 0.34448819,5.5573323 -7.8204547 0.34448819,
  5.558813 -7.8182382 0.34448819,5.5597031 -7.8177043 0.34448819,
  5.5609902 -7.8149799 0.34448819,5.5626661 -7.8124717 0.34448819,
  5.5626661 -7.8114323 0.34448819,5.5638043 -7.8090232 0.34448819,
  5.582552 -7.7340331 0.34448819,5.5826984 -7.7310213 0.34448819,
  5.5832866 -7.728065 0.34448819,5.5832866 -7.5968315 0.34448819,
  5.5826984 -7.5938748 0.34448819,5.582552 -7.5908634 0.34448819,
  5.5638043 -7.5158732 0.34448819,5.5626657 -7.513463 0.34448819,
  5.5626657 -7.5124248 0.34448819,5.5609909 -7.5099181 0.34448819,
  5.5597031 -7.5071921 0.34448819,5.5588122 -7.5066575 0.34448819,
  5.534074 -7.5998606 0.34448819,5.534074 -7.7250358 0.34448819,
  5.5177138 -7.7904756 0.34448819,5.4878618 -7.820328 0.34448819,
  5.4591331 -7.8346925 0.34448819,5.3957606 -7.8346925 0.34448819,
  5.3670323 -7.8203283 0.34448819,5.3371795 -7.7904756 0.34448819,
  5.3208197 -7.7250354 0.34448819,5.3208197 -7.5998606 0.34448819,
  5.3371795 -7.5344205 0.34448819,5.3670315 -7.5045689 0.34448819,
  5.3957606 -7.4902043 0.34448819,5.4591331 -7.4902043 0.34448819,
  5.4878622 -7.5045689 0.34448819,5.5177138 -7.5344205 0.34448819,
  2.9350209 -7.7714189 0.34448819,2.9669079 -7.8670799 0.34448819,
  2.971663 -7.8754209 0.34448819,2.9885071 -7.8838429 0.34448819,
  3.0063736 -7.8778874 0.34448819,3.0147957 -7.8610433 0.34448819,
  3.0135953 -7.8515173 0.34448819,2.8823618 -7.4578169 0.34448819,
  2.8776067 -7.449476 0.34448819,2.8759622 -7.4486535 0.34448819,
  2.8751402 -7.4470094 0.34448819,2.8677406 -7.4445429 0.34448819,
  2.8607626 -7.4410539 0.34448819,2.8590181 -7.4416354 0.34448819,
  2.8572736 -7.4410539 0.34448819,2.8502957 -7.4445429 0.34448819,
  2.8428961 -7.4470094 0.34448819,2.8420736 -7.4486535 0.34448819,
  2.8404295 -7.449476 0.34448819,2.8356744 -7.4578169 0.34448819,
  2.7475449 -7.7222063 0.34448819,2.7044409 -7.8515177 0.34448819,
  2.7032406 -7.8610433 0.34448819,2.7116626 -7.8778874 0.34448819,
  2.7295291 -7.8838429 0.34448819,2.7463732 -7.8754209 0.34448819,
  2.7511283 -7.8670799 0.34448819,2.7830154 -7.7714189 0.34448819,
  2.9186165 -7.7222063 0.34448819,2.7994197 -7.7222063 0.34448819,
  2.8590181 -7.5434102 0.34448819,4.8610319 -7.8687154 0.34448819,
  4.8743484 -7.8820319 0.34448819,4.8931815 -7.8820319 0.34448819,
  4.906498 -7.8687154 0.34448819,4.9083713 -7.8592988 0.34448819,
  4.9083713 -7.4902043 0.34448819,4.9962508 -7.4902043 0.34448819,
  5.0056673 -7.4883311 0.34448819,5.0189839 -7.4750146 0.34448819,
  5.0189839 -7.4561815 0.34448819,5.0056673 -7.442865 0.34448819,
  4.9962508 -7.4409917 0.34448819,4.7712791 -7.4409917 0.34448819,
  4.7618626 -7.442865 0.34448819,4.7485461 -7.4561815 0.34448819,
  4.7485461 -7.4750146 0.34448819,4.7618626 -7.4883311 0.34448819,
  4.7712791 -7.4902043 0.34448819,4.8591587 -7.4902043 0.34448819,
  4.8591587 -7.8592988 0.34448819,4.6410575 -7.7714189 0.34448819,
  4.6729445 -7.8670799 0.34448819,4.6776996 -7.8754209 0.34448819,
  4.6945437 -7.8838429 0.34448819,4.7124102 -7.8778874 0.34448819,
  4.7208323 -7.8610433 0.34448819,4.7196319 -7.8515173 0.34448819,
  4.5883984 -7.4578169 0.34448819,4.5836433 -7.449476 0.34448819,
  4.5819988 -7.4486535 0.34448819,4.5811768 -7.4470094 0.34448819,
  4.5737772 -7.4445429 0.34448819,4.5667992 -7.4410539 0.34448819,
  4.5650547 -7.4416354 0.34448819,4.5633102 -7.4410539 0.34448819,
  4.5563323 -7.4445429 0.34448819,4.5489327 -7.4470094 0.34448819,
  4.5481102 -7.4486535 0.34448819,4.5464661 -7.449476 0.34448819,
  4.541711 -7.4578169 0.34448819,4.4535815 -7.7222063 0.34448819,
  4.4104776 -7.8515177 0.34448819,4.4092772 -7.8610433 0.34448819,
  4.4176992 -7.8778874 0.34448819,4.4355657 -7.8838429 0.34448819,
  4.4524098 -7.8754209 0.34448819,4.457165 -7.8670799 0.34448819,
  4.489052 -7.7714189 0.34448819,4.6246531 -7.7222063 0.34448819,
  4.5054563 -7.7222063 0.34448819,4.5650547 -7.5434102 0.34448819,
  -4.8966539 -7.465598 0.34448819,-4.8985272 -7.4561815 0.34448819,
  -4.9118437 -7.442865 0.34448819,-4.9306768 -7.442865 0.34448819,
  -4.9439933 -7.4561815 0.34448819,-4.9458665 -7.465598 0.34448819,
  -4.9458665 -7.7666421 0.34448819,-5.1248677 -7.4533898 0.34448819,
  -5.1311661 -7.4461433 0.34448819,-5.1344264 -7.4452539 0.34448819,
  -5.1368154 -7.442865 0.34448819,-5.1431866 -7.442865 0.34448819,
  -5.1493346 -7.4411882 0.34448819,-5.1522689 -7.442865 0.34448819,
  -5.1556484 -7.442865 0.34448819,-5.1601547 -7.4473709 0.34448819,
  -5.1656866 -7.4505323 0.34448819,-5.166576 -7.4537921 0.34448819,
  -5.168965 -7.4561815 0.34448819,-5.1708382 -7.465598 0.34448819,
  -5.1708382 -7.8592988 0.34448819,-5.168965 -7.8687154 0.34448819,
  -5.1556484 -7.8820319 0.34448819,-5.1368154 -7.8820319 0.34448819,
  -5.1234988 -7.8687154 0.34448819,-5.1216256 -7.8592988 0.34448819,
  -5.1216256 -7.5582543 0.34448819,-4.9426244 -7.8715071 0.34448819,
  -4.936326 -7.8787535 0.34448819,-4.9330661 -7.8796425 0.34448819,
  -4.9306768 -7.8820319 0.34448819,-4.9243055 -7.8820319 0.34448819,
  -4.9181575 -7.8837087 0.34448819,-4.9152232 -7.8820319 0.34448819,
  -4.9118437 -7.8820319 0.34448819,-4.9073386 -7.8775264 0.34448819,
  -4.9018055 -7.874365 0.34448819,-4.9009165 -7.8711043 0.34448819,
  -4.8985272 -7.8687154 0.34448819,-4.8966539 -7.8592988 0.34448819,
  -2.3282248 -7.465598 0.34448819,-2.330098 -7.4561815 0.34448819,
  -2.3434146 -7.442865 0.34448819,-2.3622476 -7.442865 0.34448819,
  -2.3755642 -7.4561815 0.34448819,-2.3774374 -7.465598 0.34448819,
  -2.3774374 -7.7666421 0.34448819,-2.5564386 -7.4533898 0.34448819,
  -2.562737 -7.4461433 0.34448819,-2.5659972 -7.4452539 0.34448819,
  -2.5683862 -7.442865 0.34448819,-2.5747575 -7.442865 0.34448819,
  -2.5809055 -7.4411882 0.34448819,-2.5838398 -7.442865 0.34448819,
  -2.5872193 -7.442865 0.34448819,-2.5917256 -7.4473709 0.34448819,
  -2.5972575 -7.4505323 0.34448819,-2.5981469 -7.4537921 0.34448819,
  -2.6005358 -7.4561815 0.34448819,-2.6024091 -7.465598 0.34448819,
  -2.6024091 -7.8592988 0.34448819,-2.6005358 -7.8687154 0.34448819,
  -2.5872193 -7.8820319 0.34448819,-2.5683862 -7.8820319 0.34448819,
  -2.5550697 -7.8687154 0.34448819,-2.5531965 -7.8592988 0.34448819,
  -2.5531965 -7.5582543 0.34448819,-2.3741953 -7.8715071 0.34448819,
  -2.3678969 -7.8787535 0.34448819,-2.364637 -7.8796425 0.34448819,
  -2.3622476 -7.8820319 0.34448819,-2.3558764 -7.8820319 0.34448819,
  -2.3497283 -7.8837087 0.34448819,-2.3467941 -7.8820319 0.34448819,
  -2.3434146 -7.8820319 0.34448819,-2.3389094 -7.8775264 0.34448819,
  -2.3333764 -7.874365 0.34448819,-2.3324874 -7.8711043 0.34448819,
  -2.330098 -7.8687154 0.34448819,-2.3282248 -7.8592988 0.34448819,
  5.9769874 -7.465598 0.34448819,5.9751142 -7.4561815 0.34448819,
  5.9617976 -7.442865 0.34448819,5.9429646 -7.442865 0.34448819,
  5.929648 -7.4561815 0.34448819,5.9277748 -7.465598 0.34448819,
  5.9277748 -7.7666421 0.34448819,5.7487736 -7.4533898 0.34448819,
  5.7424752 -7.4461433 0.34448819,5.739215 -7.4452539 0.34448819,
  5.736826 -7.442865 0.34448819,5.7304547 -7.442865 0.34448819,
  5.7243067 -7.4411882 0.34448819,5.7213724 -7.442865 0.34448819,
  5.7179929 -7.442865 0.34448819,5.7134866 -7.4473709 0.34448819,
  5.7079547 -7.4505323 0.34448819,5.7070654 -7.4537921 0.34448819,
  5.7046764 -7.4561815 0.34448819,5.7028031 -7.465598 0.34448819,
  5.7028031 -7.8592988 0.34448819,5.7046764 -7.8687154 0.34448819,
  5.7179929 -7.8820319 0.34448819,5.736826 -7.8820319 0.34448819,
  5.7501425 -7.8687154 0.34448819,5.7520157 -7.8592988 0.34448819,
  5.7520157 -7.5582543 0.34448819,5.9310169 -7.8715071 0.34448819,
  5.9373154 -7.8787535 0.34448819,5.9405752 -7.8796425 0.34448819,
  5.9429646 -7.8820319 0.34448819,5.9493358 -7.8820319 0.34448819,
  5.9554839 -7.8837087 0.34448819,5.9584181 -7.8820319 0.34448819,
  5.9617976 -7.8820319 0.34448819,5.9663028 -7.8775264 0.34448819,
  5.9718358 -7.874365 0.34448819,5.9727248 -7.8711043 0.34448819,
  5.9751142 -7.8687154 0.34448819,5.9769874 -7.8592988 0.34448819,
  1.9545055 -7.6726626 0.34448819,1.9577819 -7.6704736 0.34448819,
  1.9765295 -7.651726 0.34448819,1.9787185 -7.6484496 0.34448819,
  1.981139 -7.6453311 0.34448819,1.9998866 -7.6078358 0.34448819,
  2.0002118 -7.6066469 0.34448819,2.000611 -7.606248 0.34448819,
  2.0013803 -7.6023787 0.34448819,2.002422 -7.5985756 0.34448819,
  2.0022437 -7.5980406 0.34448819,2.0024843 -7.5968315 0.34448819,
  2.0024843 -7.5405886 0.34448819,2.0022437 -7.5393791 0.34448819,
  2.002422 -7.5388445 0.34448819,2.0013803 -7.5350409 0.34448819,
  2.000611 -7.531172 0.34448819,2.0002118 -7.5307728 0.34448819,
  1.9998866 -7.5295843 0.34448819,1.981139 -7.492089 0.34448819,
  1.9787185 -7.4889701 0.34448819,1.9765295 -7.4856941 0.34448819,
  1.9577819 -7.4669465 0.34448819,1.9545055 -7.4647571 0.34448819,
  1.951387 -7.462337 0.34448819,1.9138917 -7.4435894 0.34448819,
  1.9127028 -7.4432638 0.34448819,1.9123039 -7.442865 0.34448819,
  1.9084346 -7.4420953 0.34448819,1.9046315 -7.4410539 0.34448819,
  1.9040965 -7.4412319 0.34448819,1.9028874 -7.4409917 0.34448819,
  1.7529063 -7.4409917 0.34448819,1.7434898 -7.442865 0.34448819,
  1.7301732 -7.4561815 0.34448819,1.7283 -7.465598 0.34448819,
  1.7283 -7.6472157 0.34448819,1.7283 -7.8592988 0.34448819,
  1.7301732 -7.8687154 0.34448819,1.7434898 -7.8820319 0.34448819,
  1.7623228 -7.8820319 0.34448819,1.7756394 -7.8687154 0.34448819,
  1.7775126 -7.8592988 0.34448819,1.7775126 -7.6964283 0.34448819,
  1.8338331 -7.6964283 0.34448819,1.9577197 -7.8734098 0.34448819,
  1.9646543 -7.8800496 0.34448819,1.9832004 -7.8833224 0.34448819,
  1.9986287 -7.8725224 0.34448819,2.0019016 -7.8539768 0.34448819,
  1.9980362 -7.8451882 0.34448819,1.8939047 -7.6964283 0.34448819,
  1.9028874 -7.6964283 0.34448819,1.9040965 -7.6961878 0.34448819,
  1.9046315 -7.6963661 0.34448819,1.9084346 -7.6953244 0.34448819,
  1.9123039 -7.6945551 0.34448819,1.9127028 -7.6941559 0.34448819,
  1.9138917 -7.6938307 0.34448819,1.951387 -7.6750831 0.34448819,
  1.9532717 -7.5463976 0.34448819,1.9532717 -7.5910224 0.34448819,
  1.9389071 -7.6197516 0.34448819,1.9258075 -7.6328512 0.34448819,
  1.8970783 -7.6472157 0.34448819,1.7775126 -7.6472157 0.34448819,
  1.7775126 -7.4902043 0.34448819,1.8970783 -7.4902043 0.34448819,
  1.9258075 -7.5045689 0.34448819,1.9389071 -7.5176685 0.34448819,
  3.7167854 -7.6726626 0.34448819,3.7200618 -7.6704736 0.34448819,
  3.7388094 -7.651726 0.34448819,3.7409984 -7.6484496 0.34448819,
  3.7434189 -7.6453311 0.34448819,3.7621665 -7.6078358 0.34448819,
  3.7624917 -7.6066469 0.34448819,3.7628909 -7.606248 0.34448819,
  3.7636602 -7.6023787 0.34448819,3.764702 -7.5985756 0.34448819,
  3.7645236 -7.5980406 0.34448819,3.7647642 -7.5968315 0.34448819,
  3.7647642 -7.5405886 0.34448819,3.7645236 -7.5393791 0.34448819,
  3.764702 -7.5388445 0.34448819,3.7636602 -7.5350409 0.34448819,
  3.7628909 -7.531172 0.34448819,3.7624917 -7.5307728 0.34448819,
  3.7621665 -7.5295843 0.34448819,3.7434189 -7.492089 0.34448819,
  3.7409984 -7.4889701 0.34448819,3.7388094 -7.4856941 0.34448819,
  3.7200618 -7.4669465 0.34448819,3.7167854 -7.4647571 0.34448819,
  3.7136669 -7.462337 0.34448819,3.6761717 -7.4435894 0.34448819,
  3.6749827 -7.4432638 0.34448819,3.6745839 -7.442865 0.34448819,
  3.6707146 -7.4420953 0.34448819,3.6669114 -7.4410539 0.34448819,
  3.6663764 -7.4412319 0.34448819,3.6651673 -7.4409917 0.34448819,
  3.5151862 -7.4409917 0.34448819,3.5057697 -7.442865 0.34448819,
  3.4924531 -7.4561815 0.34448819,3.4905799 -7.465598 0.34448819,
  3.4905799 -7.6472157 0.34448819,3.4905799 -7.8592988 0.34448819,
  3.4924531 -7.8687154 0.34448819,3.5057697 -7.8820319 0.34448819,
  3.5246028 -7.8820319 0.34448819,3.5379193 -7.8687154 0.34448819,
  3.5397925 -7.8592988 0.34448819,3.5397925 -7.6964283 0.34448819,
  3.596113 -7.6964283 0.34448819,3.7199996 -7.8734098 0.34448819,
  3.7269343 -7.8800496 0.34448819,3.7454803 -7.8833224 0.34448819,
  3.7609087 -7.8725224 0.34448819,3.7641815 -7.8539768 0.34448819,
  3.7603161 -7.8451882 0.34448819,3.6561846 -7.6964283 0.34448819,
  3.6651673 -7.6964283 0.34448819,3.6663764 -7.6961878 0.34448819,
  3.6669114 -7.6963661 0.34448819,3.6707146 -7.6953244 0.34448819,
  3.6745839 -7.6945551 0.34448819,3.6749827 -7.6941559 0.34448819,
  3.6761717 -7.6938307 0.34448819,3.7136669 -7.6750831 0.34448819,
  3.7155516 -7.5463976 0.34448819,3.7155516 -7.5910224 0.34448819,
  3.701187 -7.6197516 0.34448819,3.6880874 -7.6328512 0.34448819,
  3.6593583 -7.6472157 0.34448819,3.5397925 -7.6472157 0.34448819,
  3.5397925 -7.4902043 0.34448819,3.6593583 -7.4902043 0.34448819,
  3.6880874 -7.5045689 0.34448819,3.701187 -7.5176685 0.34448819,
  -2.7478803 -7.5044417 0.34448819,-2.7853756 -7.4669465 0.34448819,
  -2.788652 -7.4647571 0.34448819,-2.7917705 -7.462337 0.34448819,
  -2.8292657 -7.4435894 0.34448819,-2.8304547 -7.4432638 0.34448819,
  -2.8308535 -7.442865 0.34448819,-2.8347228 -7.4420953 0.34448819,
  -2.838526 -7.4410539 0.34448819,-2.839061 -7.4412319 0.34448819,
  -2.8402701 -7.4409917 0.34448819,-2.9152606 -7.4409917 0.34448819,
  -2.9164701 -7.4412319 0.34448819,-2.9170047 -7.4410539 0.34448819,
  -2.9208083 -7.4420953 0.34448819,-2.9246772 -7.442865 0.34448819,
  -2.9250764 -7.4432638 0.34448819,-2.926265 -7.4435894 0.34448819,
  -2.9637602 -7.462337 0.34448819,-2.9668791 -7.4647571 0.34448819,
  -2.9701551 -7.4669465 0.34448819,-3.0076504 -7.5044417 0.34448819,
  -3.0091311 -7.5066575 0.34448819,-3.0100217 -7.5071921 0.34448819,
  -3.0113098 -7.5099181 0.34448819,-3.0129843 -7.5124248 0.34448819,
  -3.0129843 -7.513463 0.34448819,-3.0141228 -7.5158732 0.34448819,
  -3.0328705 -7.5908638 0.34448819,-3.0330173 -7.5938748 0.34448819,
  -3.0336051 -7.5968315 0.34448819,-3.0336051 -7.5998606 0.34448819,
  -3.0336051 -7.728065 0.34448819,-3.0330173 -7.7310213 0.34448819,
  -3.0328705 -7.7340327 0.34448819,-3.0141228 -7.8090232 0.34448819,
  -3.0129843 -7.8114331 0.34448819,-3.0129843 -7.8124717 0.34448819,
  -3.0113098 -7.814978 0.34448819,-3.0100217 -7.8177043 0.34448819,
  -3.0091311 -7.8182386 0.34448819,-3.0076504 -7.8204547 0.34448819,
  -2.9701551 -7.8579504 0.34448819,-2.9668776 -7.8601406 0.34448819,
  -2.9637602 -7.8625598 0.34448819,-2.926265 -7.8813075 0.34448819,
  -2.9250764 -7.8816327 0.34448819,-2.9246772 -7.8820319 0.34448819,
  -2.9208083 -7.8828012 0.34448819,-2.9170047 -7.8838429 0.34448819,
  -2.9164701 -7.8836646 0.34448819,-2.9152606 -7.8839051 0.34448819,
  -2.8402701 -7.8839051 0.34448819,-2.839061 -7.8836646 0.34448819,
  -2.838526 -7.8838429 0.34448819,-2.8347228 -7.8828012 0.34448819,
  -2.8308535 -7.8820319 0.34448819,-2.8304547 -7.8816327 0.34448819,
  -2.8292657 -7.8813075 0.34448819,-2.7917705 -7.8625598 0.34448819,
  -2.788652 -7.8601394 0.34448819,-2.7853756 -7.8579504 0.34448819,
  -2.7478799 -7.8204547 0.34448819,-2.7463992 -7.8182382 0.34448819,
  -2.7455091 -7.8177043 0.34448819,-2.744222 -7.8149799 0.34448819,
  -2.7425461 -7.8124717 0.34448819,-2.7425461 -7.8114323 0.34448819,
  -2.7414079 -7.8090232 0.34448819,-2.7226602 -7.7340331 0.34448819,
  -2.7225138 -7.7310213 0.34448819,-2.7219256 -7.728065 0.34448819,
  -2.7219256 -7.5968315 0.34448819,-2.7225138 -7.5938748 0.34448819,
  -2.7226602 -7.5908634 0.34448819,-2.7414079 -7.5158732 0.34448819,
  -2.7425465 -7.513463 0.34448819,-2.7425465 -7.5124248 0.34448819,
  -2.7442213 -7.5099181 0.34448819,-2.7455091 -7.5071921 0.34448819,
  -2.7464 -7.5066575 0.34448819,-2.7711382 -7.5998606 0.34448819,
  -2.7711382 -7.7250358 0.34448819,-2.7874984 -7.7904756 0.34448819,
  -2.8173504 -7.820328 0.34448819,-2.8460791 -7.8346925 0.34448819,
  -2.9094516 -7.8346925 0.34448819,-2.9381799 -7.8203283 0.34448819,
  -2.9680327 -7.7904756 0.34448819,-2.9843925 -7.7250354 0.34448819,
  -2.9843925 -7.5998606 0.34448819,-2.9680327 -7.5344205 0.34448819,
  -2.9381807 -7.5045689 0.34448819,-2.9094516 -7.4902043 0.34448819,
  -2.8460791 -7.4902043 0.34448819,-2.81735 -7.5045689 0.34448819,
  -2.7874984 -7.5344205 0.34448819,-3.5566665 -7.8687154 0.34448819,
  -3.54335 -7.8820319 0.34448819,-3.5245169 -7.8820319 0.34448819,
  -3.5112004 -7.8687154 0.34448819,-3.5093272 -7.8592988 0.34448819,
  -3.5093272 -7.4902043 0.34448819,-3.4214476 -7.4902043 0.34448819,
  -3.4120311 -7.4883311 0.34448819,-3.3987146 -7.4750146 0.34448819,
  -3.3987146 -7.4561815 0.34448819,-3.4120311 -7.442865 0.34448819,
  -3.4214476 -7.4409917 0.34448819,-3.6464193 -7.4409917 0.34448819,
  -3.6558358 -7.442865 0.34448819,-3.6691524 -7.4561815 0.34448819,
  -3.6691524 -7.4750146 0.34448819,-3.6558358 -7.4883311 0.34448819,
  -3.6464193 -7.4902043 0.34448819,-3.5585398 -7.4902043 0.34448819,
  -3.5585398 -7.8592988 0.34448819,-3.782278 -7.6726626 0.34448819,
  -3.7790016 -7.6704736 0.34448819,-3.7602539 -7.651726 0.34448819,
  -3.758065 -7.6484496 0.34448819,-3.7556445 -7.6453311 0.34448819,
  -3.7368969 -7.6078358 0.34448819,-3.7365717 -7.6066469 0.34448819,
  -3.7361724 -7.606248 0.34448819,-3.7354031 -7.6023787 0.34448819,
  -3.7343614 -7.5985756 0.34448819,-3.7345398 -7.5980406 0.34448819,
  -3.7342992 -7.5968315 0.34448819,-3.7342992 -7.5405886 0.34448819,
  -3.7345398 -7.5393791 0.34448819,-3.7343614 -7.5388445 0.34448819,
  -3.7354031 -7.5350409 0.34448819,-3.7361724 -7.531172 0.34448819,
  -3.7365717 -7.5307728 0.34448819,-3.7368969 -7.5295843 0.34448819,
  -3.7556445 -7.492089 0.34448819,-3.758065 -7.4889701 0.34448819,
  -3.7602539 -7.4856941 0.34448819,-3.7790016 -7.4669465 0.34448819,
  -3.782278 -7.4647571 0.34448819,-3.7853965 -7.462337 0.34448819,
  -3.8228917 -7.4435894 0.34448819,-3.8240807 -7.4432638 0.34448819,
  -3.8244795 -7.442865 0.34448819,-3.8283488 -7.4420953 0.34448819,
  -3.832152 -7.4410539 0.34448819,-3.832687 -7.4412319 0.34448819,
  -3.8338961 -7.4409917 0.34448819,-3.9838772 -7.4409917 0.34448819,
  -3.9932937 -7.442865 0.34448819,-4.0066102 -7.4561815 0.34448819,
  -4.0084835 -7.465598 0.34448819,-4.0084835 -7.6472157 0.34448819,
  -4.0084835 -7.8592988 0.34448819,-4.0066102 -7.8687154 0.34448819,
  -3.9932937 -7.8820319 0.34448819,-3.9744606 -7.8820319 0.34448819,
  -3.9611441 -7.8687154 0.34448819,-3.9592709 -7.8592988 0.34448819,
  -3.9592709 -7.6964283 0.34448819,-3.8338961 -7.6964283 0.34448819,
  -3.832687 -7.6961878 0.34448819,-3.832152 -7.6963661 0.34448819,
  -3.8283488 -7.6953244 0.34448819,-3.8244795 -7.6945551 0.34448819,
  -3.8240807 -7.6941559 0.34448819,-3.8228917 -7.6938307 0.34448819,
  -3.7853965 -7.6750831 0.34448819,-3.7835118 -7.5463976 0.34448819,
  -3.7835118 -7.5910224 0.34448819,-3.7978764 -7.6197516 0.34448819,
  -3.810976 -7.6328512 0.34448819,-3.8397051 -7.6472157 0.34448819,
  -3.9592709 -7.6472157 0.34448819,-3.9592709 -7.4902043 0.34448819,
  -3.8397051 -7.4902043 0.34448819,-3.810976 -7.5045689 0.34448819,
  -3.7978764 -7.5176685 0.34448819,1.0276063 -7.6284681 0.34448819,
  1.0276063 -7.4902043 0.34448819,1.1904764 -7.4902043 0.34448819,
  1.1998929 -7.4883311 0.34448819,1.2132094 -7.4750146 0.34448819,
  1.2132094 -7.4561815 0.34448819,1.1998929 -7.442865 0.34448819,
  1.1904764 -7.4409917 0.34448819,1.003 -7.4409917 0.34448819,
  0.99358346 -7.442865 0.34448819,0.98026693 -7.4561815 0.34448819,
  0.9783937 -7.465598 0.34448819,0.9783937 -7.8592988 0.34448819,
  0.98026693 -7.8687154 0.34448819,0.99358346 -7.8820319 0.34448819,
  1.0124165 -7.8820319 0.34448819,1.0257331 -7.8687154 0.34448819,
  1.0276063 -7.8592988 0.34448819,1.0276063 -7.6776807 0.34448819,
  1.1342335 -7.6776807 0.34448819,1.14365 -7.6758075 0.34448819,
  1.1569665 -7.6624909 0.34448819,1.1569665 -7.6436579 0.34448819,
  1.14365 -7.6303413 0.34448819,1.1342335 -7.6284681 0.34448819,
  2.471176 -7.6284681 0.34448819,2.471176 -7.4902043 0.34448819,
  2.6340461 -7.4902043 0.34448819,2.6434626 -7.4883311 0.34448819,
  2.6567791 -7.4750146 0.34448819,2.6567791 -7.4561815 0.34448819,
  2.6434626 -7.442865 0.34448819,2.6340461 -7.4409917 0.34448819,
  2.4465697 -7.4409917 0.34448819,2.4371531 -7.442865 0.34448819,
  2.4238366 -7.4561815 0.34448819,2.4219634 -7.465598 0.34448819,
  2.4219634 -7.8592988 0.34448819,2.4238366 -7.8687154 0.34448819,
  2.4371531 -7.8820319 0.34448819,2.4559862 -7.8820319 0.34448819,
  2.4693028 -7.8687154 0.34448819,2.471176 -7.8592988 0.34448819,
  2.471176 -7.6776807 0.34448819,2.5778031 -7.6776807 0.34448819,
  2.5872197 -7.6758075 0.34448819,2.6005362 -7.6624909 0.34448819,
  2.6005362 -7.6436579 0.34448819,2.5872197 -7.6303413 0.34448819,
  2.5778031 -7.6284681 0.34448819,3.9334933 -7.465598 0.34448819,
  3.9316201 -7.4561815 0.34448819,3.9183035 -7.442865 0.34448819,
  3.8994705 -7.442865 0.34448819,3.8861539 -7.4561815 0.34448819,
  3.8842807 -7.465598 0.34448819,3.8842807 -7.8592988 0.34448819,
  3.8861539 -7.8687154 0.34448819,3.8994705 -7.8820319 0.34448819,
  3.9183035 -7.8820319 0.34448819,3.9316201 -7.8687154 0.34448819,
  3.9334933 -7.8592988 0.34448819,5.1520909 -7.465598 0.34448819,
  5.1502177 -7.4561815 0.34448819,5.1369012 -7.442865 0.34448819,
  5.1180681 -7.442865 0.34448819,5.1047516 -7.4561815 0.34448819,
  5.1028783 -7.465598 0.34448819,5.1028783 -7.8592988 0.34448819,
  5.1047516 -7.8687154 0.34448819,5.1180681 -7.8820319 0.34448819,
  5.1369012 -7.8820319 0.34448819,5.1502177 -7.8687154 0.34448819,
  5.1520909 -7.8592988 0.34448819,6.1023622 -6.3484252 0.34448819,
  6.111963 -6.3474795 0.34448819,6.1297031 -6.3401315 0.34448819,
  6.1432811 -6.3265535 0.34448819,6.1506291 -6.3088134 0.34448819,
  6.1515748 -6.2992126 0.34448819,6.1515748 -2.7559055 0.34448819,
  6.1506291 -2.7463047 0.34448819,6.1432811 -2.7285646 0.34448819,
  6.1297031 -2.7149866 0.34448819,6.111963 -2.7076386 0.34448819,
  6.1023622 -2.7066929 0.34448819,0.19685039 -2.7066929 0.34448819,
  0.18724961 -2.7076386 0.34448819,0.16950945 -2.7149866 0.34448819,
  0.1559315 -2.7285646 0.34448819,0.14858346 -2.7463047 0.34448819,
  0.1476378 -2.7559055 0.34448819,0.1476378 -6.25 0.34448819,
  0.1476378 -6.2992126 0.34448819,0.14858346 -6.3088134 0.34448819,
  0.1559315 -6.3265535 0.34448819,0.16950945 -6.3401315 0.34448819,
  0.18724961 -6.3474795 0.34448819,0.19685039 -6.3484252 0.34448819,
  6.0531496 -2.8051181 0.34448819,6.0531496 -6.25 0.34448819,
  0.24606299 -6.25 0.34448819,0.24606299 -2.8051181 0.34448819,
  -5.3149606 -5.757874 0.34448819,-5.3053598 -5.7569283 0.34448819,
  -5.2876197 -5.7495803 0.34448819,-5.2740417 -5.7360024 0.34448819,
  -5.2666937 -5.7182622 0.34448819,-5.265748 -5.7086614 0.34448819,
  -5.265748 -3.3464567 0.34448819,-5.2666937 -3.3368559 0.34448819,
  -5.2740417 -3.3191157 0.34448819,-5.2876197 -3.3055378 0.34448819,
  -5.3053598 -3.2981898 0.34448819,-5.3149606 -3.2972441 0.34448819,
  -8.0708661 -3.2972441 0.34448819,-8.0804669 -3.2981898 0.34448819,
  -8.0982071 -3.3055378 0.34448819,-8.111785 -3.3191157 0.34448819,
  -8.1191331 -3.3368559 0.34448819,-8.1200787 -3.3464567 0.34448819,
  -8.1200787 -5.6594488 0.34448819,-8.1200787 -5.7086614 0.34448819,
  -8.1191331 -5.7182622 0.34448819,-8.111785 -5.7360024 0.34448819,
  -8.0982071 -5.7495803 0.34448819,-8.0804669 -5.7569283 0.34448819,
  -8.0708661 -5.757874 0.34448819,-5.3641732 -3.3956693 0.34448819,
  -5.3641732 -5.6594488 0.34448819,-8.0216535 -5.6594488 0.34448819,
  -8.0216535 -3.3956693 0.34448819,-7.0426161 -2.6877488 0.34448819,
  -7.0426161 -2.2903646 0.34448819,-7.0432165 -2.2842681 0.34448819,
  -7.0478827 -2.2730031 0.34448819,-7.0565047 -2.2643811 0.34448819,
  -7.0677697 -2.259715 0.34448819,-7.0799626 -2.259715 0.34448819,
  -7.0912276 -2.2643811 0.34448819,-7.0998496 -2.2730031 0.34448819,
  -7.1045157 -2.2842681 0.34448819,-7.1051161 -2.2903646 0.34448819,
  -7.1051161 -2.6951264 0.34448819,-7.1045157 -2.7012228 0.34448819,
  -7.1040862 -2.7022602 0.34448819,-7.1040063 -2.7033807 0.34448819,
  -7.1018169 -2.709102 0.34448819,-7.0780071 -2.7567209 0.34448819,
  -7.0763555 -2.7593449 0.34448819,-7.0760398 -2.7601067 0.34448819,
  -7.0753362 -2.7609642 0.34448819,-7.0747437 -2.7619051 0.34448819,
  -7.0741201 -2.7624461 0.34448819,-7.0721535 -2.7648421 0.34448819,
  -7.0483441 -2.788652 0.34448819,-7.0459476 -2.7906189 0.34448819,
  -7.0454067 -2.7912425 0.34448819,-7.0444677 -2.7918335 0.34448819,
  -7.0436087 -2.7925386 0.34448819,-7.0428461 -2.7928543 0.34448819,
  -7.0402224 -2.7945059 0.34448819,-6.9926035 -2.8183154 0.34448819,
  -6.9868823 -2.8205047 0.34448819,-6.9857622 -2.8205843 0.34448819,
  -6.9847244 -2.8210142 0.34448819,-6.978628 -2.8216146 0.34448819,
  -6.8833898 -2.8216146 0.34448819,-6.8772933 -2.8210142 0.34448819,
  -6.8762559 -2.8205843 0.34448819,-6.8751358 -2.8205047 0.34448819,
  -6.8694142 -2.8183154 0.34448819,-6.8217957 -2.7945059 0.34448819,
  -6.8191732 -2.7928547 0.34448819,-6.8184091 -2.7925386 0.34448819,
  -6.8175488 -2.7918323 0.34448819,-6.8166114 -2.7912425 0.34448819,
  -6.8160724 -2.7906205 0.34448819,-6.8136736 -2.7886524 0.34448819,
  -6.7898642 -2.7648425 0.34448819,-6.7878972 -2.7624457 0.34448819,
  -6.7872736 -2.7619051 0.34448819,-6.7866827 -2.7609657 0.34448819,
  -6.7859776 -2.7601071 0.34448819,-6.7856618 -2.7593441 0.34448819,
  -6.7840102 -2.7567209 0.34448819,-6.7602008 -2.709102 0.34448819,
  -6.7580114 -2.7033807 0.34448819,-6.7579319 -2.7022602 0.34448819,
  -6.757502 -2.7012228 0.34448819,-6.7569016 -2.6951264 0.34448819,
  -6.7569016 -2.2903646 0.34448819,-6.757502 -2.2842681 0.34448819,
  -6.7621681 -2.2730031 0.34448819,-6.7707902 -2.2643811 0.34448819,
  -6.7820551 -2.259715 0.34448819,-6.794248 -2.259715 0.34448819,
  -6.805513 -2.2643811 0.34448819,-6.814135 -2.2730031 0.34448819,
  -6.8188012 -2.2842681 0.34448819,-6.8194016 -2.2903646 0.34448819,
  -6.8194016 -2.6877492 0.34448819,-6.8376441 -2.7242339 0.34448819,
  -6.8542827 -2.740872 0.34448819,-6.8907669 -2.7591146 0.34448819,
  -6.9712512 -2.7591146 0.34448819,-7.0077358 -2.740872 0.34448819,
  -7.0243736 -2.7242343 0.34448819,-6.2881516 -2.2591146 0.34448819,
  -6.5976756 -2.2591146 0.34448819,-6.603772 -2.259715 0.34448819,
  -6.615037 -2.2643811 0.34448819,-6.6236591 -2.2730031 0.34448819,
  -6.6283252 -2.2842681 0.34448819,-6.6283252 -2.296461 0.34448819,
  -6.6236591 -2.307726 0.34448819,-6.615037 -2.316348 0.34448819,
  -6.603772 -2.3210142 0.34448819,-6.5976756 -2.3216146 0.34448819,
  -6.3570197 -2.3216146 0.34448819,-6.4783366 -2.4602622 0.34448819,
  -6.4802213 -2.462898 0.34448819,-6.480802 -2.4634791 0.34448819,
  -6.4810303 -2.4640299 0.34448819,-6.4818992 -2.4652457 0.34448819,
  -6.4835256 -2.4700535 0.34448819,-6.4854681 -2.4747441 0.34448819,
  -6.4854681 -2.475798 0.34448819,-6.4858055 -2.4767961 0.34448819,
  -6.4854681 -2.4818575 0.34448819,-6.4854681 -2.486937 0.34448819,
  -6.485065 -2.487911 0.34448819,-6.4849945 -2.4889626 0.34448819,
  -6.4827449 -2.4935114 0.34448819,-6.480802 -2.498202 0.34448819,
  -6.4800567 -2.4989472 0.34448819,-6.4795894 -2.4998921 0.34448819,
  -6.4757685 -2.5032354 0.34448819,-6.4721799 -2.506824 0.34448819,
  -6.4712067 -2.5072272 0.34448819,-6.4704134 -2.5079213 0.34448819,
  -6.4656055 -2.5095472 0.34448819,-6.460915 -2.5114902 0.34448819,
  -6.4594276 -2.5116366 0.34448819,-6.458863 -2.5118276 0.34448819,
  -6.4580437 -2.5117728 0.34448819,-6.4548185 -2.5120906 0.34448819,
  -6.3907669 -2.5120906 0.34448819,-6.3542823 -2.5303327 0.34448819,
  -6.3376445 -2.5469705 0.34448819,-6.3194016 -2.5834559 0.34448819,
  -6.3194016 -2.6877488 0.34448819,-6.3376445 -2.7242343 0.34448819,
  -6.3542823 -2.740872 0.34448819,-6.3907669 -2.7591146 0.34448819,
  -6.5188701 -2.7591146 0.34448819,-6.5553547 -2.7408724 0.34448819,
  -6.5755783 -2.7206484 0.34448819,-6.5803138 -2.7167622 0.34448819,
  -6.5915787 -2.7120957 0.34448819,-6.603772 -2.7120957 0.34448819,
  -6.615037 -2.7167618 0.34448819,-6.6236587 -2.7253835 0.34448819,
  -6.6283252 -2.7366484 0.34448819,-6.6283252 -2.7488417 0.34448819,
  -6.6236591 -2.7601067 0.34448819,-6.6197728 -2.7648421 0.34448819,
  -6.5959634 -2.788652 0.34448819,-6.5935669 -2.7906189 0.34448819,
  -6.593026 -2.7912425 0.34448819,-6.592087 -2.7918335 0.34448819,
  -6.591228 -2.7925386 0.34448819,-6.5904646 -2.7928547 0.34448819,
  -6.5878413 -2.7945059 0.34448819,-6.5402224 -2.8183154 0.34448819,
  -6.5345008 -2.8205047 0.34448819,-6.5333815 -2.8205843 0.34448819,
  -6.5323433 -2.8210142 0.34448819,-6.5262469 -2.8216146 0.34448819,
  -6.3833898 -2.8216146 0.34448819,-6.3772933 -2.8210142 0.34448819,
  -6.3762559 -2.8205843 0.34448819,-6.3751358 -2.8205047 0.34448819,
  -6.3694142 -2.8183154 0.34448819,-6.3217957 -2.7945059 0.34448819,
  -6.3191717 -2.7928539 0.34448819,-6.3184091 -2.7925382 0.34448819,
  -6.3175508 -2.7918335 0.34448819,-6.3166114 -2.7912425 0.34448819,
  -6.3160713 -2.7906193 0.34448819,-6.3136736 -2.788652 0.34448819,
  -6.2898642 -2.7648421 0.34448819,-6.287898 -2.7624461 0.34448819,
  -6.287274 -2.7619051 0.34448819,-6.2866819 -2.7609642 0.34448819,
  -6.285978 -2.7601067 0.34448819,-6.2856626 -2.7593449 0.34448819,
  -6.2840106 -2.7567209 0.34448819,-6.2602008 -2.709102 0.34448819,
  -6.2580114 -2.7033807 0.34448819,-6.2579319 -2.7022602 0.34448819,
  -6.257502 -2.7012228 0.34448819,-6.2569016 -2.6951264 0.34448819,
  -6.2569016 -2.5760787 0.34448819,-6.257502 -2.5699823 0.34448819,
  -6.2579319 -2.5689445 0.34448819,-6.2580114 -2.5678244 0.34448819,
  -6.2602008 -2.5621031 0.34448819,-6.2840106 -2.5144843 0.34448819,
  -6.2856626 -2.5118598 0.34448819,-6.285978 -2.5110984 0.34448819,
  -6.2866819 -2.5102406 0.34448819,-6.287274 -2.5093 0.34448819,
  -6.287898 -2.5087587 0.34448819,-6.2898642 -2.506363 0.34448819,
  -6.3136736 -2.4825531 0.34448819,-6.3160713 -2.4805854 0.34448819,
  -6.3166114 -2.4799626 0.34448819,-6.3175508 -2.4793713 0.34448819,
  -6.3184091 -2.4786669 0.34448819,-6.3191717 -2.4783508 0.34448819,
  -6.3217957 -2.4766992 0.34448819,-6.3694142 -2.4528898 0.34448819,
  -6.3751358 -2.4507004 0.34448819,-6.3762559 -2.4506205 0.34448819,
  -6.3772933 -2.4501909 0.34448819,-6.3833898 -2.4495906 0.34448819,
  -6.3859504 -2.4495906 0.34448819,-6.2646335 -2.3109429 0.34448819,
  -6.2627492 -2.3083067 0.34448819,-6.2621681 -2.307726 0.34448819,
  -6.2619402 -2.3071748 0.34448819,-6.2610709 -2.3059594 0.34448819,
  -6.2594449 -2.3011512 0.34448819,-6.257502 -2.296461 0.34448819,
  -6.257502 -2.2954067 0.34448819,-6.2571646 -2.2944091 0.34448819,
  -6.257502 -2.2893472 0.34448819,-6.257502 -2.2842681 0.34448819,
  -6.2579055 -2.2832937 0.34448819,-6.2579756 -2.2822425 0.34448819,
  -6.2602256 -2.2776933 0.34448819,-6.2621681 -2.2730031 0.34448819,
  -6.2629138 -2.2722575 0.34448819,-6.2633807 -2.271313 0.34448819,
  -6.267202 -2.2679693 0.34448819,-6.2707902 -2.2643811 0.34448819,
  -6.2717638 -2.2639776 0.34448819,-6.2725567 -2.2632839 0.34448819,
  -6.277365 -2.2616575 0.34448819,-6.2820551 -2.259715 0.34448819,
  -6.2835429 -2.2595681 0.34448819,-6.2841071 -2.2593776 0.34448819,
  -6.2849268 -2.2594319 0.34448819,2.7999035 -2.0971976 0.34448819,
  2.7999035 -1.6998134 0.34448819,2.7993031 -1.6937169 0.34448819,
  2.794637 -1.682452 0.34448819,2.786015 -1.6738299 0.34448819,
  2.77475 -1.6691638 0.34448819,2.7625571 -1.6691638 0.34448819,
  2.7512921 -1.6738299 0.34448819,2.7426701 -1.682452 0.34448819,
  2.7380039 -1.6937169 0.34448819,2.7374035 -1.6998134 0.34448819,
  2.7374035 -2.1045752 0.34448819,2.7380039 -2.1106717 0.34448819,
  2.7384335 -2.1117091 0.34448819,2.7385134 -2.1128295 0.34448819,
  2.7407028 -2.1185508 0.34448819,2.7645126 -2.1661697 0.34448819,
  2.7661642 -2.1687937 0.34448819,2.7664799 -2.1695555 0.34448819,
  2.7671835 -2.170413 0.34448819,2.767776 -2.1713539 0.34448819,
  2.7683996 -2.1718949 0.34448819,2.7703661 -2.1742909 0.34448819,
  2.7941756 -2.1981008 0.34448819,2.796572 -2.2000677 0.34448819,
  2.797113 -2.2006913 0.34448819,2.798052 -2.2012823 0.34448819,
  2.798911 -2.2019874 0.34448819,2.7996736 -2.2023031 0.34448819,
  2.8022972 -2.2039547 0.34448819,2.8499161 -2.2277642 0.34448819,
  2.8556374 -2.2299535 0.34448819,2.8567575 -2.2300331 0.34448819,
  2.8577953 -2.230463 0.34448819,2.8638917 -2.2310634 0.34448819,
  2.9591299 -2.2310634 0.34448819,2.9652264 -2.230463 0.34448819,
  2.9662638 -2.2300331 0.34448819,2.9673839 -2.2299535 0.34448819,
  2.9731055 -2.2277642 0.34448819,3.020724 -2.2039547 0.34448819,
  3.0233465 -2.2023035 0.34448819,3.0241106 -2.2019874 0.34448819,
  3.0249709 -2.2012811 0.34448819,3.0259083 -2.2006913 0.34448819,
  3.0264472 -2.2000693 0.34448819,3.0288461 -2.1981012 0.34448819,
  3.0526555 -2.1742913 0.34448819,3.0546224 -2.1718945 0.34448819,
  3.0552461 -2.1713539 0.34448819,3.055837 -2.1704146 0.34448819,
  3.0565421 -2.1695559 0.34448819,3.0568579 -2.1687929 0.34448819,
  3.0585094 -2.1661697 0.34448819,3.0823189 -2.1185508 0.34448819,
  3.0845083 -2.1128295 0.34448819,3.0845878 -2.1117091 0.34448819,
  3.0850177 -2.1106717 0.34448819,3.0856181 -2.1045752 0.34448819,
  3.0856181 -1.6998134 0.34448819,3.0850177 -1.6937169 0.34448819,
  3.0803516 -1.682452 0.34448819,3.0717295 -1.6738299 0.34448819,
  3.0604646 -1.6691638 0.34448819,3.0482717 -1.6691638 0.34448819,
  3.0370067 -1.6738299 0.34448819,3.0283846 -1.682452 0.34448819,
  3.0237185 -1.6937169 0.34448819,3.0231181 -1.6998134 0.34448819,
  3.0231181 -2.097198 0.34448819,3.0048756 -2.1336827 0.34448819,
  2.988237 -2.1503209 0.34448819,2.9517528 -2.1685634 0.34448819,
  2.8712685 -2.1685634 0.34448819,2.8347839 -2.1503209 0.34448819,
  2.8181461 -2.1336831 0.34448819,3.2380039 -2.027676 0.34448819,
  3.2376488 -2.0292378 0.34448819,3.2380039 -2.0342335 0.34448819,
  3.2380039 -2.0392429 0.34448819,3.2384335 -2.0402803 0.34448819,
  3.2385134 -2.0414004 0.34448819,3.2407524 -2.0458783 0.34448819,
  3.2426701 -2.0505079 0.34448819,3.2434642 -2.051302 0.34448819,
  3.2439665 -2.0523063 0.34448819,3.24775 -2.0555878 0.34448819,
  3.2512921 -2.0591299 0.34448819,3.2523291 -2.0595594 0.34448819,
  3.2531776 -2.0602953 0.34448819,3.2579303 -2.0618795 0.34448819,
  3.2625571 -2.0637961 0.34448819,3.26415 -2.0639528 0.34448819,
  3.2647449 -2.0641512 0.34448819,3.2655685 -2.0640925 0.34448819,
  3.2686535 -2.0643965 0.34448819,3.4754988 -2.0643965 0.34448819,
  3.4754988 -2.1998134 0.34448819,3.4760992 -2.2059098 0.34448819,
  3.4807654 -2.2171748 0.34448819,3.4893874 -2.2257969 0.34448819,
  3.5006524 -2.230463 0.34448819,3.5128453 -2.230463 0.34448819,
  3.5241102 -2.2257969 0.34448819,3.5327323 -2.2171748 0.34448819,
  3.5373984 -2.2059098 0.34448819,3.5379988 -2.1998134 0.34448819,
  3.5379988 -2.0643965 0.34448819,3.5781776 -2.0643965 0.34448819,
  3.584274 -2.0637961 0.34448819,3.595539 -2.0591299 0.34448819,
  3.604161 -2.0505079 0.34448819,3.6088272 -2.0392429 0.34448819,
  3.6088272 -2.02705 0.34448819,3.604161 -2.015785 0.34448819,
  3.595539 -2.007163 0.34448819,3.584274 -2.0024969 0.34448819,
  3.5781776 -2.0018965 0.34448819,3.5379988 -2.0018965 0.34448819,
  3.5379988 -1.8664799 0.34448819,3.5373984 -1.8603835 0.34448819,
  3.5327323 -1.8491185 0.34448819,3.5241102 -1.8404965 0.34448819,
  3.5128453 -1.8358303 0.34448819,3.5006524 -1.8358303 0.34448819,
  3.4893874 -1.8404965 0.34448819,3.4807654 -1.8491185 0.34448819,
  3.4760992 -1.8603835 0.34448819,3.4754988 -1.8664799 0.34448819,
  3.4754988 -2.0018965 0.34448819,3.3120106 -2.0018965 0.34448819,
  3.4173476 -1.6858858 0.34448819,3.4187059 -1.6799126 0.34448819,
  3.4178413 -1.66775 0.34448819,3.4123886 -1.6568441 0.34448819,
  3.4031772 -1.6488551 0.34448819,3.3916098 -1.6449992 0.34448819,
  3.3794472 -1.6458638 0.34448819,3.3685413 -1.6513165 0.34448819,
  3.3605524 -1.660528 0.34448819,3.3580547 -1.6661217 0.34448819,
  3.2390071 -2.0232642 0.34448819,3.2383193 -2.0262878 0.34448819,
  3.2380039 -2.02705 0.34448819,8.6614173 -1.0334646 0.34448819,
  8.6710181 -1.0325189 0.34448819,8.6887583 -1.0251709 0.34448819,
  8.7023362 -1.0115929 0.34448819,8.7096843 -0.99385276 0.34448819,
  8.7106299 -0.98425197 0.34448819,8.7106299 6.8897638 0.34448819,
  8.7096843 6.8993646 0.34448819,8.7023362 6.9171047 0.34448819,
  8.6887583 6.9306827 0.34448819,8.6710181 6.9380307 0.34448819,
  8.6614173 6.9389764 0.34448819,0.78740157 6.9389764 0.34448819,
  0.77780079 6.9380307 0.34448819,0.76006063 6.9306827 0.34448819,
  0.74648268 6.9171047 0.34448819,0.73913465 6.8993646 0.34448819,
  0.73818898 6.8897638 0.34448819,0.73818898 -0.93503937 0.34448819,
  0.73818898 -0.98425197 0.34448819,0.73913465 -0.99385276 0.34448819,
  0.74648268 -1.0115929 0.34448819,0.76006063 -1.0251709 0.34448819,
  0.77780079 -1.0325189 0.34448819,0.78740157 -1.0334646 0.34448819,
  8.6122047 6.8405512 0.34448819,8.6122047 -0.93503937 0.34448819,
  0.83661417 -0.93503937 0.34448819,0.83661417 6.8405512 0.34448819,
  -4.1338583 -0.049212598 0.34448819,-4.1242575 -0.048266929 0.34448819,
  -4.1065173 -0.040918898 0.34448819,-4.0929394 -0.027340945 0.34448819,
  -4.0855913 -0.0096007874 0.34448819,-4.0846457 0 0.34448819,
  -4.0846457 5.9055118 0.34448819,-4.0855913 5.9151126 0.34448819,
  -4.0929394 5.9328528 0.34448819,-4.1065173 5.9464307 0.34448819,
  -4.1242575 5.9537787 0.34448819,-4.1338583 5.9547244 0.34448819,
  -10.03937 5.9547244 0.34448819,-10.048971 5.9537787 0.34448819,
  -10.066711 5.9464307 0.34448819,-10.080289 5.9328528 0.34448819,
  -10.087637 5.9151126 0.34448819,-10.088583 5.9055118 0.34448819,
  -10.088583 0.049212598 0.34448819,-10.088583 0 0.34448819,
  -10.087637 -0.0096007874 0.34448819,-10.080289 -0.027340945 0.34448819,
  -10.066711 -0.040918898 0.34448819,-10.048971 -0.048266929 0.34448819,
  -10.03937 -0.049212598 0.34448819,-4.1830709 5.8562992 0.34448819,
  -4.1830709 0.049212598 0.34448819,-9.9901575 0.049212598 0.34448819,
  -9.9901575 5.8562992 0.34448819,-7.4363169 6.5642197 0.34448819,
  -7.4363169 6.9616039 0.34448819,-7.4369173 6.9677004 0.34448819,
  -7.4415835 6.9789654 0.34448819,-7.4502055 6.9875874 0.34448819,
  -7.4614705 6.9922535 0.34448819,-7.4736634 6.9922535 0.34448819,
  -7.4849283 6.9875874 0.34448819,-7.4935504 6.9789654 0.34448819,
  -7.4982165 6.9677004 0.34448819,-7.4988169 6.9616039 0.34448819,
  -7.4988169 6.5568421 0.34448819,-7.4982165 6.5507457 0.34448819,
  -7.497787 6.5497083 0.34448819,-7.4977071 6.5485878 0.34448819,
  -7.4955177 6.5428665 0.34448819,-7.4717079 6.4952476 0.34448819,
  -7.4700563 6.4926236 0.34448819,-7.4697406 6.4918618 0.34448819,
  -7.469037 6.4910043 0.34448819,-7.4684445 6.4900634 0.34448819,
  -7.4678209 6.4895224 0.34448819,-7.4658543 6.4871264 0.34448819,
  -7.4420449 6.4633165 0.34448819,-7.4396484 6.4613496 0.34448819,
  -7.4391075 6.460726 0.34448819,-7.4381685 6.460135 0.34448819,
  -7.4373094 6.4594299 0.34448819,-7.4365469 6.4591142 0.34448819,
  -7.4339232 6.4574626 0.34448819,-7.3863043 6.4336531 0.34448819,
  -7.3805831 6.4314638 0.34448819,-7.379463 6.4313843 0.34448819,
  -7.3784252 6.4309543 0.34448819,-7.3723287 6.4303539 0.34448819,
  -7.2770906 6.4303539 0.34448819,-7.2709941 6.4309543 0.34448819,
  -7.2699567 6.4313843 0.34448819,-7.2688366 6.4314638 0.34448819,
  -7.263115 6.4336531 0.34448819,-7.2154965 6.4574626 0.34448819,
  -7.212874 6.4591138 0.34448819,-7.2121098 6.4594299 0.34448819,
  -7.2112496 6.4601362 0.34448819,-7.2103122 6.460726 0.34448819,
  -7.2097732 6.461348 0.34448819,-7.2073744 6.4633161 0.34448819,
  -7.183565 6.487126 0.34448819,-7.181598 6.4895228 0.34448819,
  -7.1809744 6.4900634 0.34448819,-7.1803835 6.4910028 0.34448819,
  -7.1796783 6.4918614 0.34448819,-7.1793626 6.4926244 0.34448819,
  -7.177711 6.4952476 0.34448819,-7.1539016 6.5428665 0.34448819,
  -7.1517122 6.5485878 0.34448819,-7.1516327 6.5497083 0.34448819,
  -7.1512028 6.5507457 0.34448819,-7.1506024 6.5568421 0.34448819,
  -7.1506024 6.9616039 0.34448819,-7.1512028 6.9677004 0.34448819,
  -7.1558689 6.9789654 0.34448819,-7.1644909 6.9875874 0.34448819,
  -7.1757559 6.9922535 0.34448819,-7.1879488 6.9922535 0.34448819,
  -7.1992138 6.9875874 0.34448819,-7.2078358 6.9789654 0.34448819,
  -7.212502 6.9677004 0.34448819,-7.2131024 6.9616039 0.34448819,
  -7.2131024 6.5642193 0.34448819,-7.2313449 6.5277346 0.34448819,
  -7.2479835 6.5110965 0.34448819,-7.2844677 6.4928539 0.34448819,
  -7.364952 6.4928539 0.34448819,-7.4014366 6.5110965 0.34448819,
  -7.4180744 6.5277343 0.34448819,-6.8507114 6.9789382 0.34448819,
  -6.8966134 6.9100858 0.34448819,-6.9384591 6.8682394 0.34448819,
  -6.9815421 6.8466976 0.34448819,-6.9867268 6.8434343 0.34448819,
  -6.9947157 6.8342228 0.34448819,-6.9985717 6.8226555 0.34448819,
  -6.9977071 6.8104929 0.34448819,-6.9922543 6.799587 0.34448819,
  -6.9830429 6.791598 0.34448819,-6.9714756 6.7877421 0.34448819,
  -6.959313 6.7886067 0.34448819,-6.9535917 6.7907961 0.34448819,
  -6.9059724 6.8146055 0.34448819,-6.90335 6.8162567 0.34448819,
  -6.9025858 6.8165728 0.34448819,-6.901726 6.8172787 0.34448819,
  -6.9007882 6.8178689 0.34448819,-6.9002484 6.8184917 0.34448819,
  -6.8978504 6.8204594 0.34448819,-6.8559598 6.8623504 0.34448819,
  -6.8559598 6.4928539 0.34448819,-6.9675669 6.4928539 0.34448819,
  -6.9736634 6.4922535 0.34448819,-6.9849283 6.4875874 0.34448819,
  -6.9935504 6.4789654 0.34448819,-6.9982165 6.4677004 0.34448819,
  -6.9982165 6.4555075 0.34448819,-6.9935504 6.4442425 0.34448819,
  -6.9849283 6.4356205 0.34448819,-6.9736634 6.4309543 0.34448819,
  -6.9675669 6.4303539 0.34448819,-6.6818524 6.4303539 0.34448819,
  -6.6757559 6.4309543 0.34448819,-6.6644909 6.4356205 0.34448819,
  -6.6558689 6.4442425 0.34448819,-6.6512028 6.4555075 0.34448819,
  -6.6512028 6.4677004 0.34448819,-6.6558689 6.4789654 0.34448819,
  -6.6644909 6.4875874 0.34448819,-6.6757559 6.4922535 0.34448819,
  -6.6818524 6.4928539 0.34448819,-6.7934598 6.4928539 0.34448819,
  -6.7934598 6.9616039 0.34448819,-6.7934622 6.9616256 0.34448819,
  -6.7934598 6.9616362 0.34448819,-6.7934661 6.9616677 0.34448819,
  -6.7940602 6.9677004 0.34448819,-6.7952445 6.9705594 0.34448819,
  -6.7958512 6.9735929 0.34448819,-6.7975547 6.976137 0.34448819,
  -6.7987264 6.9789654 0.34448819,-6.8009142 6.9811531 0.34448819,
  -6.8026358 6.983724 0.34448819,-6.8051835 6.9854224 0.34448819,
  -6.8073484 6.9875874 0.34448819,-6.8102075 6.9887717 0.34448819,
  -6.8127811 6.9904874 0.34448819,-6.8157839 6.9910815 0.34448819,
  -6.8186134 6.9922535 0.34448819,-6.8217079 6.9922535 0.34448819,
  -6.8247425 6.9928539 0.34448819,-6.8277445 6.9922535 0.34448819,
  -6.8308063 6.9922535 0.34448819,-6.833665 6.9910697 0.34448819,
  -6.8366992 6.9904626 0.34448819,-6.8392433 6.9887591 0.34448819,
  -6.8420713 6.9875874 0.34448819,-6.8442594 6.9853996 0.34448819,
  -6.8468303 6.9836776 0.34448819,-6.8506705 6.9789886 0.34448819,
  -6.8506933 6.9789654 0.34448819,-6.8506976 6.9789555 0.34448819,
  4.3747067 7.5484717 0.34448819,4.3747067 7.9458559 0.34448819,
  4.3741063 7.9519524 0.34448819,4.3694402 7.9632173 0.34448819,
  4.3608181 7.9718394 0.34448819,4.3495531 7.9765055 0.34448819,
  4.3373602 7.9765055 0.34448819,4.3260953 7.9718394 0.34448819,
  4.3174732 7.9632173 0.34448819,4.3128071 7.9519524 0.34448819,
  4.3122067 7.9458559 0.34448819,4.3122067 7.5410941 0.34448819,
  4.3128071 7.5349976 0.34448819,4.3132366 7.5339602 0.34448819,
  4.3133165 7.5328398 0.34448819,4.3155059 7.5271185 0.34448819,
  4.3393157 7.4794996 0.34448819,4.3409673 7.4768756 0.34448819,
  4.3412831 7.4761138 0.34448819,4.3419866 7.4752563 0.34448819,
  4.3425791 7.4743154 0.34448819,4.3432028 7.4737744 0.34448819,
  4.3451693 7.4713783 0.34448819,4.3689787 7.4475685 0.34448819,
  4.3713752 7.4456016 0.34448819,4.3719161 7.444978 0.34448819,
  4.3728551 7.444387 0.34448819,4.3737142 7.4436819 0.34448819,
  4.3744768 7.4433661 0.34448819,4.3771004 7.4417146 0.34448819,
  4.4247193 7.4179051 0.34448819,4.4304406 7.4157157 0.34448819,
  4.4315606 7.4156362 0.34448819,4.4325984 7.4152063 0.34448819,
  4.4386949 7.4146059 0.34448819,4.5339331 7.4146059 0.34448819,
  4.5400295 7.4152063 0.34448819,4.5410669 7.4156362 0.34448819,
  4.542187 7.4157157 0.34448819,4.5479087 7.4179051 0.34448819,
  4.5955272 7.4417146 0.34448819,4.5981496 7.4433657 0.34448819,
  4.5989138 7.4436819 0.34448819,4.599774 7.4443882 0.34448819,
  4.6007114 7.444978 0.34448819,4.6012504 7.4456 0.34448819,
  4.6036492 7.4475681 0.34448819,4.6274587 7.471378 0.34448819,
  4.6294256 7.4737748 0.34448819,4.6300492 7.4743154 0.34448819,
  4.6306402 7.4752547 0.34448819,4.6313453 7.4761134 0.34448819,
  4.631661 7.4768764 0.34448819,4.6333126 7.4794996 0.34448819,
  4.657122 7.5271185 0.34448819,4.6593114 7.5328398 0.34448819,
  4.6593909 7.5339602 0.34448819,4.6598209 7.5349976 0.34448819,
  4.6604213 7.5410941 0.34448819,4.6604213 7.9458559 0.34448819,
  4.6598209 7.9519524 0.34448819,4.6551547 7.9632173 0.34448819,
  4.6465327 7.9718394 0.34448819,4.6352677 7.9765055 0.34448819,
  4.6230748 7.9765055 0.34448819,4.6118098 7.9718394 0.34448819,
  4.6031878 7.9632173 0.34448819,4.5985217 7.9519524 0.34448819,
  4.5979213 7.9458559 0.34448819,4.5979213 7.5484713 0.34448819,
  4.5796787 7.5119866 0.34448819,4.5630402 7.4953484 0.34448819,
  4.5265559 7.4771059 0.34448819,4.4460717 7.4771059 0.34448819,
  4.409587 7.4953484 0.34448819,4.3929492 7.5119862 0.34448819,
  5.0981496 7.9483465 0.34448819,5.0955272 7.9499972 0.34448819,
  5.0479087 7.9738067 0.34448819,5.042187 7.9759961 0.34448819,
  5.0410669 7.976076 0.34448819,5.0400295 7.9765055 0.34448819,
  5.0339331 7.9771059 0.34448819,4.9148854 7.9771059 0.34448819,
  4.908789 7.9765055 0.34448819,4.9077508 7.976076 0.34448819,
  4.9066315 7.9759961 0.34448819,4.9009098 7.9738067 0.34448819,
  4.8532909 7.9499972 0.34448819,4.8506677 7.9483465 0.34448819,
  4.8499043 7.9480299 0.34448819,4.8490449 7.9473248 0.34448819,
  4.8481063 7.9467339 0.34448819,4.8475657 7.9461114 0.34448819,
  4.8451689 7.9441437 0.34448819,4.8213594 7.9203343 0.34448819,
  4.8174732 7.9155988 0.34448819,4.8128071 7.9043339 0.34448819,
  4.8128071 7.8921402 0.34448819,4.8174732 7.8808752 0.34448819,
  4.8260949 7.8722535 0.34448819,4.8373598 7.8675874 0.34448819,
  4.8495535 7.8675874 0.34448819,4.8608185 7.8722535 0.34448819,
  4.8655539 7.8761398 0.34448819,4.885778 7.8963642 0.34448819,
  4.9222622 7.9146059 0.34448819,5.0265559 7.9146059 0.34448819,
  5.0630402 7.8963638 0.34448819,5.0796787 7.8797252 0.34448819,
  5.0979213 7.8432409 0.34448819,5.0979213 7.8080709 0.34448819,
  5.0780476 7.7484512 0.34448819,4.79755 7.4679531 0.34448819,
  4.7936638 7.4632177 0.34448819,4.7889976 7.4519528 0.34448819,
  4.7889976 7.4397591 0.34448819,4.7936638 7.4284941 0.34448819,
  4.8022854 7.4198724 0.34448819,4.8135504 7.4152063 0.34448819,
  4.8135508 7.4152063 0.34448819,4.8196472 7.4146059 0.34448819,
  5.1291713 7.4146059 0.34448819,5.1352677 7.4152063 0.34448819,
  5.1465327 7.4198724 0.34448819,5.1551547 7.4284945 0.34448819,
  5.1598209 7.4397594 0.34448819,5.1598209 7.4519524 0.34448819,
  5.1551547 7.4632173 0.34448819,5.1465327 7.4718394 0.34448819,
  5.1352677 7.4765055 0.34448819,5.1291713 7.4771059 0.34448819,
  4.8950917 7.4771059 0.34448819,5.1274583 7.7094732 0.34448819,
  5.1313449 7.7142087 0.34448819,5.1317744 7.7152465 0.34448819,
  5.1325102 7.7160945 0.34448819,5.1350079 7.7216882 0.34448819,
  5.1588177 7.7931165 0.34448819,5.1595051 7.7961409 0.34448819,
  5.1598209 7.7969024 0.34448819,5.1599295 7.7980063 0.34448819,
  5.160176 7.7990898 0.34448819,5.1601173 7.7999138 0.34448819,
  5.1604213 7.8029988 0.34448819,5.1604213 7.8506181 0.34448819,
  5.1598209 7.8567146 0.34448819,5.1593909 7.8577524 0.34448819,
  5.1593114 7.8588724 0.34448819,5.157122 7.8645937 0.34448819,
  5.1333122 7.9122126 0.34448819,5.1316606 7.9148362 0.34448819,
  5.1313449 7.9155988 0.34448819,5.1306398 7.9164579 0.34448819,
  5.1300488 7.9173969 0.34448819,5.129426 7.9179374 0.34448819,
  5.1274587 7.9203343 0.34448819,5.1036492 7.9441437 0.34448819,
  5.1012504 7.9461122 0.34448819,5.1007114 7.9467339 0.34448819,
  5.099774 7.947324 0.34448819,5.0989138 7.9480299 0.34448819] }
 coordIndex [
  63,64,60,-1,63,60,61,-1,63,61,62,-1,60,64,65,-1,60,65,66,-1,60,66,67,-1,60,67,68,-1,60,68,59,-1,
  57,58,70,-1,70,58,59,-1,70,59,69,-1,69,59,68,-1,57,70,71,-1,57,71,72,-1,57,72,73,-1,57,73,56,-1,
  55,56,73,-1,55,73,74,-1,55,74,75,-1,55,75,76,-1,55,76,54,-1,54,76,77,-1,54,77,78,-1,54,78,79,-1,
  54,79,80,-1,54,80,81,-1,54,81,82,-1,54,82,53,-1,83,0,51,-1,83,51,52,-1,83,52,53,-1,83,53,82,-1,
  8,10,7,-1,7,10,11,-1,7,11,6,-1,6,11,12,-1,6,12,5,-1,5,12,13,-1,5,13,4,-1,4,13,14,-1,
  4,14,3,-1,3,14,15,-1,3,15,2,-1,2,15,16,-1,2,16,1,-1,1,16,17,-1,1,17,0,-1,0,17,50,-1,
  0,50,51,-1,36,37,41,-1,41,37,38,-1,41,38,40,-1,40,38,39,-1,41,42,33,-1,41,33,34,-1,41,34,35,-1,
  41,35,36,-1,42,43,31,-1,42,31,32,-1,42,32,33,-1,44,45,28,-1,44,28,29,-1,44,29,30,-1,44,30,31,-1,
  44,31,43,-1,46,47,25,-1,46,25,26,-1,46,26,27,-1,46,27,28,-1,46,28,45,-1,47,48,19,-1,47,19,20,-1,
  47,20,21,-1,47,21,22,-1,47,22,23,-1,47,23,24,-1,47,24,25,-1,18,19,48,-1,18,48,49,-1,18,49,50,-1,
  18,50,17,-1,162,163,149,-1,162,149,150,-1,162,150,160,-1,162,160,161,-1,151,152,159,-1,159,152,153,-1,159,153,158,-1,
  158,153,154,-1,158,154,157,-1,157,154,155,-1,157,155,156,-1,160,150,151,-1,160,151,159,-1,86,180,85,-1,85,180,165,-1,
  85,165,84,-1,84,165,146,-1,84,146,164,-1,164,146,147,-1,164,147,163,-1,163,147,148,-1,163,148,149,-1,143,144,167,-1,
  167,144,145,-1,167,145,166,-1,166,145,146,-1,166,146,165,-1,168,169,136,-1,168,136,137,-1,168,137,138,-1,168,138,139,-1,
  168,139,140,-1,168,140,141,-1,168,141,142,-1,168,142,143,-1,168,143,167,-1,170,171,129,-1,170,129,130,-1,170,130,131,-1,
  170,131,132,-1,170,132,133,-1,170,133,134,-1,170,134,135,-1,170,135,136,-1,170,136,169,-1,105,125,173,-1,173,125,126,-1,
  173,126,172,-1,172,126,127,-1,172,127,171,-1,171,127,128,-1,171,128,129,-1,109,122,108,-1,108,122,123,-1,108,123,107,-1,
  107,123,124,-1,107,124,106,-1,106,124,125,-1,106,125,105,-1,114,117,113,-1,113,117,118,-1,113,118,112,-1,112,118,119,-1,
  112,119,111,-1,111,119,120,-1,111,120,110,-1,110,120,122,-1,110,122,109,-1,115,116,117,-1,115,117,114,-1,87,88,179,-1,
  87,179,180,-1,87,180,86,-1,179,88,89,-1,179,89,90,-1,179,90,91,-1,179,91,92,-1,179,92,93,-1,179,93,94,-1,
  179,94,178,-1,177,178,94,-1,177,94,95,-1,177,95,96,-1,177,96,97,-1,177,97,98,-1,177,98,99,-1,177,99,100,-1,
  177,100,101,-1,177,101,176,-1,101,102,176,-1,176,102,103,-1,176,103,175,-1,175,103,104,-1,175,104,174,-1,174,104,105,-1,
  174,105,173,-1,244,245,241,-1,244,241,242,-1,244,242,243,-1,241,245,246,-1,241,246,247,-1,241,247,248,-1,241,248,249,-1,
  241,249,240,-1,238,239,251,-1,251,239,240,-1,251,240,250,-1,250,240,249,-1,238,251,252,-1,238,252,253,-1,238,253,254,-1,
  238,254,237,-1,236,237,254,-1,236,254,255,-1,236,255,256,-1,236,256,257,-1,236,257,235,-1,235,257,258,-1,235,258,259,-1,
  235,259,260,-1,235,260,261,-1,235,261,262,-1,235,262,263,-1,235,263,234,-1,264,181,232,-1,264,232,233,-1,264,233,234,-1,
  264,234,263,-1,189,191,188,-1,188,191,192,-1,188,192,187,-1,187,192,193,-1,187,193,186,-1,186,193,194,-1,186,194,185,-1,
  185,194,195,-1,185,195,184,-1,184,195,196,-1,184,196,183,-1,183,196,197,-1,183,197,182,-1,182,197,198,-1,182,198,181,-1,
  181,198,231,-1,181,231,232,-1,217,218,222,-1,222,218,219,-1,222,219,221,-1,221,219,220,-1,222,223,214,-1,222,214,215,-1,
  222,215,216,-1,222,216,217,-1,223,224,212,-1,223,212,213,-1,223,213,214,-1,225,226,209,-1,225,209,210,-1,225,210,211,-1,
  225,211,212,-1,225,212,224,-1,227,228,206,-1,227,206,207,-1,227,207,208,-1,227,208,209,-1,227,209,226,-1,228,229,200,-1,
  228,200,201,-1,228,201,202,-1,228,202,203,-1,228,203,204,-1,228,204,205,-1,228,205,206,-1,199,200,229,-1,199,229,230,-1,
  199,230,231,-1,199,231,198,-1,266,267,272,-1,272,267,268,-1,272,268,271,-1,271,268,269,-1,271,269,270,-1,276,278,275,-1,
  275,278,279,-1,275,279,274,-1,274,279,280,-1,274,280,273,-1,273,280,287,-1,273,287,266,-1,266,287,288,-1,266,288,265,-1,
  265,288,289,-1,265,289,294,-1,294,289,290,-1,294,290,293,-1,293,290,291,-1,293,291,292,-1,287,281,286,-1,286,281,282,-1,
  286,282,285,-1,285,282,283,-1,285,283,284,-1,311,295,310,-1,310,295,296,-1,310,296,303,-1,303,296,297,-1,303,297,302,-1,
  302,297,298,-1,302,298,301,-1,301,298,299,-1,301,299,300,-1,313,314,347,-1,313,347,348,-1,313,348,349,-1,313,349,350,-1,
  313,350,351,-1,313,351,312,-1,314,315,343,-1,314,343,344,-1,314,344,345,-1,314,345,346,-1,314,346,347,-1,315,316,339,-1,
  315,339,340,-1,315,340,341,-1,315,341,342,-1,315,342,343,-1,316,317,339,-1,339,317,318,-1,339,318,338,-1,338,318,319,-1,
  338,319,336,-1,336,319,320,-1,336,320,321,-1,322,323,335,-1,322,335,336,-1,322,336,321,-1,335,323,324,-1,335,324,325,-1,
  335,325,326,-1,335,326,334,-1,334,326,327,-1,334,327,328,-1,334,328,329,-1,334,329,330,-1,334,330,333,-1,331,332,333,-1,
  331,333,330,-1,357,359,356,-1,356,359,360,-1,356,360,355,-1,355,360,361,-1,355,361,354,-1,354,361,362,-1,354,362,353,-1,
  353,362,363,-1,353,363,352,-1,370,371,372,-1,370,372,373,-1,370,373,374,-1,370,374,375,-1,370,375,369,-1,364,365,376,-1,
  376,365,366,-1,376,366,369,-1,369,366,367,-1,369,367,368,-1,383,384,364,-1,383,364,376,-1,383,376,377,-1,383,377,378,-1,
  383,378,379,-1,383,379,380,-1,383,380,382,-1,310,304,309,-1,309,304,305,-1,309,305,308,-1,308,305,306,-1,308,306,307,-1,
  483,484,470,-1,483,470,471,-1,483,471,481,-1,483,481,482,-1,390,391,396,-1,396,391,392,-1,396,392,395,-1,395,392,393,-1,
  395,393,394,-1,390,396,403,-1,390,403,385,-1,390,385,386,-1,390,386,387,-1,390,387,388,-1,390,388,389,-1,399,401,398,-1,
  398,401,402,-1,398,402,397,-1,397,402,403,-1,397,403,396,-1,472,473,480,-1,480,473,474,-1,480,474,479,-1,479,474,475,-1,
  479,475,478,-1,478,475,476,-1,478,476,477,-1,481,471,472,-1,481,472,480,-1,407,501,406,-1,406,501,486,-1,406,486,405,-1,
  405,486,467,-1,405,467,485,-1,485,467,468,-1,485,468,484,-1,484,468,469,-1,484,469,470,-1,464,465,488,-1,488,465,466,-1,
  488,466,487,-1,487,466,467,-1,487,467,486,-1,489,490,457,-1,489,457,458,-1,489,458,459,-1,489,459,460,-1,489,460,461,-1,
  489,461,462,-1,489,462,463,-1,489,463,464,-1,489,464,488,-1,491,492,450,-1,491,450,451,-1,491,451,452,-1,491,452,453,-1,
  491,453,454,-1,491,454,455,-1,491,455,456,-1,491,456,457,-1,491,457,490,-1,426,446,494,-1,494,446,447,-1,494,447,493,-1,
  493,447,448,-1,493,448,492,-1,492,448,449,-1,492,449,450,-1,430,443,429,-1,429,443,444,-1,429,444,428,-1,428,444,445,-1,
  428,445,427,-1,427,445,446,-1,427,446,426,-1,435,438,434,-1,434,438,439,-1,434,439,433,-1,433,439,440,-1,433,440,432,-1,
  432,440,441,-1,432,441,431,-1,431,441,443,-1,431,443,430,-1,436,437,438,-1,436,438,435,-1,408,409,500,-1,408,500,501,-1,
  408,501,407,-1,500,409,410,-1,500,410,411,-1,500,411,412,-1,500,412,413,-1,500,413,414,-1,500,414,415,-1,500,415,499,-1,
  498,499,415,-1,498,415,416,-1,498,416,417,-1,498,417,418,-1,498,418,419,-1,498,419,420,-1,498,420,421,-1,498,421,422,-1,
  498,422,497,-1,422,423,497,-1,497,423,424,-1,497,424,496,-1,496,424,425,-1,496,425,495,-1,495,425,426,-1,495,426,494,-1,
  580,581,567,-1,580,567,568,-1,580,568,578,-1,580,578,579,-1,569,570,577,-1,577,570,571,-1,577,571,576,-1,576,571,572,-1,
  576,572,575,-1,575,572,573,-1,575,573,574,-1,578,568,569,-1,578,569,577,-1,504,598,503,-1,503,598,583,-1,503,583,502,-1,
  502,583,564,-1,502,564,582,-1,582,564,565,-1,582,565,581,-1,581,565,566,-1,581,566,567,-1,561,562,585,-1,585,562,563,-1,
  585,563,584,-1,584,563,564,-1,584,564,583,-1,586,587,554,-1,586,554,555,-1,586,555,556,-1,586,556,557,-1,586,557,558,-1,
  586,558,559,-1,586,559,560,-1,586,560,561,-1,586,561,585,-1,588,589,547,-1,588,547,548,-1,588,548,549,-1,588,549,550,-1,
  588,550,551,-1,588,551,552,-1,588,552,553,-1,588,553,554,-1,588,554,587,-1,523,543,591,-1,591,543,544,-1,591,544,590,-1,
  590,544,545,-1,590,545,589,-1,589,545,546,-1,589,546,547,-1,527,540,526,-1,526,540,541,-1,526,541,525,-1,525,541,542,-1,
  525,542,524,-1,524,542,543,-1,524,543,523,-1,532,535,531,-1,531,535,536,-1,531,536,530,-1,530,536,537,-1,530,537,529,-1,
  529,537,538,-1,529,538,528,-1,528,538,540,-1,528,540,527,-1,533,534,535,-1,533,535,532,-1,505,506,597,-1,505,597,598,-1,
  505,598,504,-1,597,506,507,-1,597,507,508,-1,597,508,509,-1,597,509,510,-1,597,510,511,-1,597,511,512,-1,597,512,596,-1,
  595,596,512,-1,595,512,513,-1,595,513,514,-1,595,514,515,-1,595,515,516,-1,595,516,517,-1,595,517,518,-1,595,518,519,-1,
  595,519,594,-1,519,520,594,-1,594,520,521,-1,594,521,593,-1,593,521,522,-1,593,522,592,-1,592,522,523,-1,592,523,591,-1,
  628,629,648,-1,648,629,630,-1,648,630,647,-1,647,630,631,-1,647,631,646,-1,646,631,632,-1,646,632,645,-1,645,632,633,-1,
  645,633,644,-1,644,633,634,-1,644,634,643,-1,643,634,635,-1,643,635,642,-1,642,635,637,-1,642,637,640,-1,640,637,638,-1,
  640,638,639,-1,602,603,618,-1,618,603,604,-1,618,604,617,-1,617,604,605,-1,617,605,616,-1,616,605,606,-1,616,606,615,-1,
  615,606,607,-1,615,607,614,-1,614,607,609,-1,614,609,612,-1,612,609,610,-1,612,610,611,-1,621,600,620,-1,620,600,601,-1,
  620,601,619,-1,619,601,602,-1,619,602,618,-1,621,622,600,-1,600,622,623,-1,600,623,599,-1,599,623,691,-1,599,691,692,-1,
  691,623,624,-1,691,624,625,-1,691,625,626,-1,691,626,627,-1,691,627,628,-1,691,628,690,-1,680,681,651,-1,651,681,682,-1,
  651,682,650,-1,650,682,690,-1,650,690,649,-1,649,690,628,-1,649,628,648,-1,683,684,689,-1,683,689,690,-1,683,690,682,-1,
  685,686,688,-1,685,688,689,-1,685,689,684,-1,662,666,661,-1,661,666,667,-1,661,667,660,-1,660,667,668,-1,660,668,659,-1,
  659,668,696,-1,659,696,678,-1,678,696,687,-1,678,687,677,-1,677,687,688,-1,677,688,686,-1,676,599,692,-1,676,692,693,-1,
  676,693,694,-1,676,694,675,-1,694,695,669,-1,694,669,670,-1,694,670,671,-1,694,671,672,-1,694,672,673,-1,694,673,674,-1,
  694,674,675,-1,696,668,669,-1,696,669,695,-1,666,662,663,-1,666,663,664,-1,666,664,665,-1,680,651,652,-1,680,652,653,-1,
  680,653,654,-1,680,654,655,-1,680,655,656,-1,680,656,657,-1,680,657,658,-1,680,658,679,-1,658,659,678,-1,658,678,679,-1,
  760,761,757,-1,760,757,758,-1,760,758,759,-1,757,761,762,-1,757,762,763,-1,757,763,764,-1,757,764,765,-1,757,765,756,-1,
  754,755,767,-1,767,755,756,-1,767,756,766,-1,766,756,765,-1,754,767,768,-1,754,768,769,-1,754,769,770,-1,754,770,753,-1,
  752,753,770,-1,752,770,771,-1,752,771,772,-1,752,772,773,-1,752,773,751,-1,751,773,774,-1,751,774,775,-1,751,775,776,-1,
  751,776,777,-1,751,777,778,-1,751,778,779,-1,751,779,750,-1,780,697,748,-1,780,748,749,-1,780,749,750,-1,780,750,779,-1,
  705,707,704,-1,704,707,708,-1,704,708,703,-1,703,708,709,-1,703,709,702,-1,702,709,710,-1,702,710,701,-1,701,710,711,-1,
  701,711,700,-1,700,711,712,-1,700,712,699,-1,699,712,713,-1,699,713,698,-1,698,713,714,-1,698,714,697,-1,697,714,747,-1,
  697,747,748,-1,733,734,738,-1,738,734,735,-1,738,735,737,-1,737,735,736,-1,738,739,730,-1,738,730,731,-1,738,731,732,-1,
  738,732,733,-1,739,740,728,-1,739,728,729,-1,739,729,730,-1,741,742,725,-1,741,725,726,-1,741,726,727,-1,741,727,728,-1,
  741,728,740,-1,743,744,722,-1,743,722,723,-1,743,723,724,-1,743,724,725,-1,743,725,742,-1,744,745,716,-1,744,716,717,-1,
  744,717,718,-1,744,718,719,-1,744,719,720,-1,744,720,721,-1,744,721,722,-1,715,716,745,-1,715,745,746,-1,715,746,747,-1,
  715,747,714,-1,859,860,846,-1,859,846,847,-1,859,847,857,-1,859,857,858,-1,848,849,856,-1,856,849,850,-1,856,850,855,-1,
  855,850,851,-1,855,851,854,-1,854,851,852,-1,854,852,853,-1,857,847,848,-1,857,848,856,-1,783,877,782,-1,782,877,862,-1,
  782,862,781,-1,781,862,843,-1,781,843,861,-1,861,843,844,-1,861,844,860,-1,860,844,845,-1,860,845,846,-1,840,841,864,-1,
  864,841,842,-1,864,842,863,-1,863,842,843,-1,863,843,862,-1,865,866,833,-1,865,833,834,-1,865,834,835,-1,865,835,836,-1,
  865,836,837,-1,865,837,838,-1,865,838,839,-1,865,839,840,-1,865,840,864,-1,867,868,826,-1,867,826,827,-1,867,827,828,-1,
  867,828,829,-1,867,829,830,-1,867,830,831,-1,867,831,832,-1,867,832,833,-1,867,833,866,-1,802,822,870,-1,870,822,823,-1,
  870,823,869,-1,869,823,824,-1,869,824,868,-1,868,824,825,-1,868,825,826,-1,806,819,805,-1,805,819,820,-1,805,820,804,-1,
  804,820,821,-1,804,821,803,-1,803,821,822,-1,803,822,802,-1,811,814,810,-1,810,814,815,-1,810,815,809,-1,809,815,816,-1,
  809,816,808,-1,808,816,817,-1,808,817,807,-1,807,817,819,-1,807,819,806,-1,812,813,814,-1,812,814,811,-1,784,785,876,-1,
  784,876,877,-1,784,877,783,-1,876,785,786,-1,876,786,787,-1,876,787,788,-1,876,788,789,-1,876,789,790,-1,876,790,791,-1,
  876,791,875,-1,874,875,791,-1,874,791,792,-1,874,792,793,-1,874,793,794,-1,874,794,795,-1,874,795,796,-1,874,796,797,-1,
  874,797,798,-1,874,798,873,-1,798,799,873,-1,873,799,800,-1,873,800,872,-1,872,800,801,-1,872,801,871,-1,871,801,802,-1,
  871,802,870,-1,884,885,906,-1,884,906,878,-1,884,878,879,-1,884,879,880,-1,884,880,881,-1,884,881,882,-1,884,882,883,-1,
  906,885,886,-1,906,886,887,-1,906,887,888,-1,906,888,889,-1,906,889,890,-1,906,890,891,-1,906,891,908,-1,908,891,892,-1,
  908,892,893,-1,908,893,894,-1,908,894,895,-1,908,895,896,-1,908,896,897,-1,908,897,907,-1,902,903,898,-1,898,903,904,-1,
  898,904,897,-1,897,904,905,-1,897,905,907,-1,907,905,878,-1,907,878,906,-1,901,902,898,-1,901,898,899,-1,901,899,900,-1,
  914,915,920,-1,920,915,916,-1,920,916,919,-1,919,916,917,-1,919,917,918,-1,914,920,927,-1,914,927,909,-1,914,909,910,-1,
  914,910,911,-1,914,911,912,-1,914,912,913,-1,923,925,922,-1,922,925,926,-1,922,926,921,-1,921,926,927,-1,921,927,920,-1,
  935,936,957,-1,935,957,929,-1,935,929,930,-1,935,930,931,-1,935,931,932,-1,935,932,933,-1,935,933,934,-1,957,936,937,-1,
  957,937,938,-1,957,938,939,-1,957,939,940,-1,957,940,941,-1,957,941,942,-1,957,942,959,-1,959,942,943,-1,959,943,944,-1,
  959,944,945,-1,959,945,946,-1,959,946,947,-1,959,947,948,-1,959,948,958,-1,953,954,949,-1,949,954,955,-1,949,955,948,-1,
  948,955,956,-1,948,956,958,-1,958,956,929,-1,958,929,957,-1,952,953,949,-1,952,949,950,-1,952,950,951,-1,961,962,995,-1,
  961,995,996,-1,961,996,997,-1,961,997,998,-1,961,998,999,-1,961,999,960,-1,962,963,991,-1,962,991,992,-1,962,992,993,-1,
  962,993,994,-1,962,994,995,-1,963,964,987,-1,963,987,988,-1,963,988,989,-1,963,989,990,-1,963,990,991,-1,964,965,987,-1,
  987,965,966,-1,987,966,986,-1,986,966,967,-1,986,967,984,-1,984,967,968,-1,984,968,969,-1,970,971,983,-1,970,983,984,-1,
  970,984,969,-1,983,971,972,-1,983,972,973,-1,983,973,974,-1,983,974,982,-1,982,974,975,-1,982,975,976,-1,982,976,977,-1,
  982,977,978,-1,982,978,981,-1,979,980,981,-1,979,981,978,-1,1001,1002,1035,-1,1001,1035,1036,-1,1001,1036,1037,-1,1001,1037,1038,-1,
  1001,1038,1039,-1,1001,1039,1000,-1,1002,1003,1031,-1,1002,1031,1032,-1,1002,1032,1033,-1,1002,1033,1034,-1,1002,1034,1035,-1,1003,1004,1027,-1,
  1003,1027,1028,-1,1003,1028,1029,-1,1003,1029,1030,-1,1003,1030,1031,-1,1004,1005,1027,-1,1027,1005,1006,-1,1027,1006,1026,-1,1026,1006,1007,-1,
  1026,1007,1024,-1,1024,1007,1008,-1,1024,1008,1009,-1,1010,1011,1023,-1,1010,1023,1024,-1,1010,1024,1009,-1,1023,1011,1012,-1,1023,1012,1013,-1,
  1023,1013,1014,-1,1023,1014,1022,-1,1022,1014,1015,-1,1022,1015,1016,-1,1022,1016,1017,-1,1022,1017,1018,-1,1022,1018,1021,-1,1019,1020,1021,-1,
  1019,1021,1018,-1,1041,1042,1075,-1,1041,1075,1076,-1,1041,1076,1077,-1,1041,1077,1078,-1,1041,1078,1079,-1,1041,1079,1040,-1,1042,1043,1071,-1,
  1042,1071,1072,-1,1042,1072,1073,-1,1042,1073,1074,-1,1042,1074,1075,-1,1043,1044,1067,-1,1043,1067,1068,-1,1043,1068,1069,-1,1043,1069,1070,-1,
  1043,1070,1071,-1,1044,1045,1067,-1,1067,1045,1046,-1,1067,1046,1066,-1,1066,1046,1047,-1,1066,1047,1064,-1,1064,1047,1048,-1,1064,1048,1049,-1,
  1050,1051,1063,-1,1050,1063,1064,-1,1050,1064,1049,-1,1063,1051,1052,-1,1063,1052,1053,-1,1063,1053,1054,-1,1063,1054,1062,-1,1062,1054,1055,-1,
  1062,1055,1056,-1,1062,1056,1057,-1,1062,1057,1058,-1,1062,1058,1061,-1,1059,1060,1061,-1,1059,1061,1058,-1,1140,1080,1103,-1,1103,1080,1081,-1,
  1103,1081,1102,-1,1102,1081,1082,-1,1102,1082,1101,-1,1101,1082,1083,-1,1101,1083,1100,-1,1100,1083,1084,-1,1100,1084,1099,-1,1099,1084,1085,-1,
  1099,1085,1098,-1,1098,1085,1086,-1,1098,1086,1097,-1,1097,1086,1087,-1,1097,1087,1096,-1,1096,1087,1088,-1,1096,1088,1095,-1,1095,1088,1090,-1,
  1095,1090,1093,-1,1093,1090,1091,-1,1093,1091,1092,-1,1104,1105,1148,-1,1104,1148,1149,-1,1104,1149,1140,-1,1104,1140,1103,-1,1148,1105,1106,-1,
  1148,1106,1107,-1,1148,1107,1108,-1,1148,1108,1109,-1,1148,1109,1110,-1,1148,1110,1111,-1,1148,1111,1147,-1,1147,1111,1146,-1,1146,1111,1112,-1,
  1146,1112,1120,-1,1120,1112,1113,-1,1120,1113,1119,-1,1119,1113,1114,-1,1119,1114,1118,-1,1118,1114,1115,-1,1118,1115,1116,-1,1121,1122,1146,-1,
  1146,1122,1123,-1,1146,1123,1145,-1,1145,1123,1124,-1,1145,1124,1144,-1,1144,1124,1131,-1,1144,1131,1132,-1,1141,1142,1139,-1,1141,1139,1080,-1,
  1141,1080,1140,-1,1143,1144,1132,-1,1143,1132,1133,-1,1143,1133,1134,-1,1143,1134,1135,-1,1143,1135,1136,-1,1143,1136,1137,-1,1143,1137,1138,-1,
  1143,1138,1139,-1,1143,1139,1142,-1,1130,1131,1125,-1,1130,1125,1126,-1,1130,1126,1127,-1,1130,1127,1128,-1,1130,1128,1129,-1,1210,1150,1173,-1,
  1173,1150,1151,-1,1173,1151,1172,-1,1172,1151,1152,-1,1172,1152,1171,-1,1171,1152,1153,-1,1171,1153,1170,-1,1170,1153,1154,-1,1170,1154,1169,-1,
  1169,1154,1155,-1,1169,1155,1168,-1,1168,1155,1156,-1,1168,1156,1167,-1,1167,1156,1157,-1,1167,1157,1166,-1,1166,1157,1158,-1,1166,1158,1165,-1,
  1165,1158,1160,-1,1165,1160,1163,-1,1163,1160,1161,-1,1163,1161,1162,-1,1174,1175,1218,-1,1174,1218,1219,-1,1174,1219,1210,-1,1174,1210,1173,-1,
  1218,1175,1176,-1,1218,1176,1177,-1,1218,1177,1178,-1,1218,1178,1179,-1,1218,1179,1180,-1,1218,1180,1181,-1,1218,1181,1217,-1,1217,1181,1216,-1,
  1216,1181,1182,-1,1216,1182,1190,-1,1190,1182,1183,-1,1190,1183,1189,-1,1189,1183,1184,-1,1189,1184,1188,-1,1188,1184,1185,-1,1188,1185,1186,-1,
  1191,1192,1216,-1,1216,1192,1193,-1,1216,1193,1215,-1,1215,1193,1194,-1,1215,1194,1214,-1,1214,1194,1201,-1,1214,1201,1202,-1,1211,1212,1209,-1,
  1211,1209,1150,-1,1211,1150,1210,-1,1213,1214,1202,-1,1213,1202,1203,-1,1213,1203,1204,-1,1213,1204,1205,-1,1213,1205,1206,-1,1213,1206,1207,-1,
  1213,1207,1208,-1,1213,1208,1209,-1,1213,1209,1212,-1,1200,1201,1195,-1,1200,1195,1196,-1,1200,1196,1197,-1,1200,1197,1198,-1,1200,1198,1199,-1,
  1222,1316,1221,-1,1221,1316,1301,-1,1221,1301,1220,-1,1220,1301,1282,-1,1220,1282,1300,-1,1300,1282,1283,-1,1300,1283,1299,-1,1299,1283,1284,-1,
  1299,1284,1285,-1,1223,1224,1315,-1,1223,1315,1316,-1,1223,1316,1222,-1,1315,1224,1225,-1,1315,1225,1226,-1,1315,1226,1227,-1,1315,1227,1228,-1,
  1315,1228,1229,-1,1315,1229,1230,-1,1315,1230,1314,-1,1313,1314,1230,-1,1313,1230,1231,-1,1313,1231,1232,-1,1313,1232,1233,-1,1313,1233,1234,-1,
  1313,1234,1235,-1,1313,1235,1236,-1,1313,1236,1237,-1,1313,1237,1312,-1,1237,1238,1312,-1,1312,1238,1239,-1,1312,1239,1311,-1,1311,1239,1240,-1,
  1311,1240,1310,-1,1310,1240,1241,-1,1310,1241,1309,-1,1309,1241,1261,-1,1309,1261,1262,-1,1389,1337,1360,-1,1360,1337,1338,-1,1360,1338,1359,-1,
  1359,1338,1339,-1,1359,1339,1358,-1,1358,1339,1340,-1,1358,1340,1357,-1,1357,1340,1341,-1,1357,1341,1356,-1,1356,1341,1342,-1,1356,1342,1355,-1,
  1355,1342,1343,-1,1355,1343,1354,-1,1354,1343,1344,-1,1354,1344,1353,-1,1353,1344,1345,-1,1353,1345,1352,-1,1352,1345,1347,-1,1352,1347,1350,-1,
  1350,1347,1348,-1,1350,1348,1349,-1,1298,1299,1285,-1,1298,1285,1286,-1,1298,1286,1296,-1,1298,1296,1297,-1,1287,1288,1295,-1,1295,1288,1289,-1,
  1295,1289,1294,-1,1294,1289,1290,-1,1294,1290,1293,-1,1293,1290,1291,-1,1293,1291,1292,-1,1296,1286,1287,-1,1296,1287,1295,-1,1279,1280,1303,-1,
  1303,1280,1281,-1,1303,1281,1302,-1,1302,1281,1282,-1,1302,1282,1301,-1,1304,1305,1272,-1,1304,1272,1273,-1,1304,1273,1274,-1,1304,1274,1275,-1,
  1304,1275,1276,-1,1304,1276,1277,-1,1304,1277,1278,-1,1304,1278,1279,-1,1304,1279,1303,-1,1306,1307,1265,-1,1306,1265,1266,-1,1306,1266,1267,-1,
  1306,1267,1268,-1,1306,1268,1269,-1,1306,1269,1270,-1,1306,1270,1271,-1,1306,1271,1272,-1,1306,1272,1305,-1,1309,1262,1308,-1,1308,1262,1263,-1,
  1308,1263,1307,-1,1307,1263,1264,-1,1307,1264,1265,-1,1245,1258,1244,-1,1244,1258,1259,-1,1244,1259,1243,-1,1243,1259,1260,-1,1243,1260,1242,-1,
  1242,1260,1261,-1,1242,1261,1241,-1,1250,1253,1249,-1,1249,1253,1254,-1,1249,1254,1248,-1,1248,1254,1255,-1,1248,1255,1247,-1,1247,1255,1256,-1,
  1247,1256,1246,-1,1246,1256,1258,-1,1246,1258,1245,-1,1251,1252,1253,-1,1251,1253,1250,-1,1322,1323,1328,-1,1328,1323,1324,-1,1328,1324,1327,-1,
  1327,1324,1325,-1,1327,1325,1326,-1,1322,1328,1335,-1,1322,1335,1317,-1,1322,1317,1318,-1,1322,1318,1319,-1,1322,1319,1320,-1,1322,1320,1321,-1,
  1331,1333,1330,-1,1330,1333,1334,-1,1330,1334,1329,-1,1329,1334,1335,-1,1329,1335,1328,-1,1361,1362,1397,-1,1361,1397,1398,-1,1361,1398,1389,-1,
  1361,1389,1360,-1,1397,1362,1363,-1,1397,1363,1364,-1,1397,1364,1365,-1,1397,1365,1366,-1,1397,1366,1367,-1,1397,1367,1368,-1,1397,1368,1396,-1,
  1396,1368,1395,-1,1395,1368,1369,-1,1395,1369,1377,-1,1377,1369,1370,-1,1377,1370,1376,-1,1376,1370,1371,-1,1376,1371,1375,-1,1375,1371,1372,-1,
  1375,1372,1373,-1,1392,1393,1381,-1,1381,1393,1394,-1,1381,1394,1380,-1,1380,1394,1395,-1,1380,1395,1379,-1,1379,1395,1378,-1,1390,1391,1388,-1,
  1390,1388,1337,-1,1390,1337,1389,-1,1392,1381,1382,-1,1392,1382,1383,-1,1392,1383,1384,-1,1392,1384,1385,-1,1392,1385,1386,-1,1392,1386,1387,-1,
  1392,1387,1388,-1,1392,1388,1391,-1,1400,1401,1406,-1,1406,1401,1402,-1,1406,1402,1405,-1,1405,1402,1403,-1,1405,1403,1404,-1,1415,1416,1400,-1,
  1400,1416,1417,-1,1400,1417,1399,-1,1399,1417,1418,-1,1399,1418,1423,-1,1423,1418,1419,-1,1423,1419,1422,-1,1422,1419,1420,-1,1422,1420,1421,-1,
  1414,1415,1400,-1,1414,1400,1407,-1,1414,1407,1408,-1,1414,1408,1413,-1,1409,1410,1412,-1,1409,1412,1413,-1,1409,1413,1408,-1,1425,1426,1431,-1,
  1431,1426,1427,-1,1431,1427,1430,-1,1430,1427,1428,-1,1430,1428,1429,-1,1440,1441,1425,-1,1425,1441,1442,-1,1425,1442,1424,-1,1424,1442,1443,-1,
  1424,1443,1448,-1,1448,1443,1444,-1,1448,1444,1447,-1,1447,1444,1445,-1,1447,1445,1446,-1,1439,1440,1425,-1,1439,1425,1432,-1,1439,1432,1433,-1,
  1439,1433,1438,-1,1434,1435,1437,-1,1434,1437,1438,-1,1434,1438,1433,-1,1454,1456,1453,-1,1453,1456,1457,-1,1453,1457,1452,-1,1452,1457,1458,-1,
  1452,1458,1451,-1,1451,1458,1459,-1,1451,1459,1450,-1,1450,1459,1460,-1,1450,1460,1449,-1,1466,1468,1465,-1,1465,1468,1469,-1,1465,1469,1464,-1,
  1464,1469,1470,-1,1464,1470,1463,-1,1463,1470,1471,-1,1463,1471,1462,-1,1462,1471,1472,-1,1462,1472,1461,-1,1498,1473,1484,-1,1484,1473,1474,-1,
  1484,1474,1483,-1,1483,1474,1475,-1,1483,1475,1482,-1,1482,1475,1476,-1,1482,1476,1481,-1,1481,1476,1477,-1,1481,1477,1480,-1,1480,1477,1478,-1,
  1480,1478,1479,-1,1498,1484,1501,-1,1501,1484,1485,-1,1501,1485,1500,-1,1500,1485,1497,-1,1500,1497,1473,-1,1499,1500,1473,-1,1499,1473,1498,-1,
  1490,1493,1489,-1,1489,1493,1494,-1,1489,1494,1488,-1,1488,1494,1495,-1,1488,1495,1487,-1,1487,1495,1496,-1,1487,1496,1486,-1,1486,1496,1497,-1,
  1486,1497,1485,-1,1491,1492,1493,-1,1491,1493,1490,-1,1527,1502,1513,-1,1513,1502,1503,-1,1513,1503,1512,-1,1512,1503,1504,-1,1512,1504,1511,-1,
  1511,1504,1505,-1,1511,1505,1510,-1,1510,1505,1506,-1,1510,1506,1509,-1,1509,1506,1507,-1,1509,1507,1508,-1,1527,1513,1530,-1,1530,1513,1514,-1,
  1530,1514,1529,-1,1529,1514,1526,-1,1529,1526,1502,-1,1528,1529,1502,-1,1528,1502,1527,-1,1519,1522,1518,-1,1518,1522,1523,-1,1518,1523,1517,-1,
  1517,1523,1524,-1,1517,1524,1516,-1,1516,1524,1525,-1,1516,1525,1515,-1,1515,1525,1526,-1,1515,1526,1514,-1,1520,1521,1522,-1,1520,1522,1519,-1,
  1604,1605,1561,-1,1561,1605,1606,-1,1561,1606,1560,-1,1560,1606,1531,-1,1560,1531,1559,-1,1559,1531,1532,-1,1559,1532,1533,-1,1533,1534,1555,-1,
  1533,1555,1556,-1,1533,1556,1557,-1,1533,1557,1558,-1,1533,1558,1559,-1,1554,1555,1534,-1,1554,1534,1535,-1,1554,1535,1536,-1,1554,1536,1553,-1,
  1536,1537,1547,-1,1536,1547,1548,-1,1536,1548,1549,-1,1536,1549,1550,-1,1536,1550,1551,-1,1536,1551,1552,-1,1536,1552,1553,-1,1545,1546,1539,-1,
  1539,1546,1547,-1,1539,1547,1538,-1,1538,1547,1537,-1,1545,1539,1544,-1,1544,1539,1540,-1,1544,1540,1543,-1,1543,1540,1541,-1,1543,1541,1542,-1,
  1591,1592,1585,-1,1591,1585,1586,-1,1591,1586,1587,-1,1591,1587,1588,-1,1591,1588,1589,-1,1591,1589,1590,-1,1583,1584,1594,-1,1594,1584,1585,-1,
  1594,1585,1593,-1,1593,1585,1592,-1,1594,1595,1578,-1,1594,1578,1579,-1,1594,1579,1580,-1,1594,1580,1581,-1,1594,1581,1582,-1,1594,1582,1583,-1,
  1575,1576,1597,-1,1597,1576,1577,-1,1597,1577,1596,-1,1596,1577,1578,-1,1596,1578,1595,-1,1599,1572,1598,-1,1598,1572,1573,-1,1598,1573,1597,-1,
  1597,1573,1574,-1,1597,1574,1575,-1,1600,1601,1571,-1,1600,1571,1572,-1,1600,1572,1599,-1,1602,1603,1566,-1,1602,1566,1567,-1,1602,1567,1568,-1,
  1602,1568,1569,-1,1602,1569,1570,-1,1602,1570,1571,-1,1602,1571,1601,-1,1604,1561,1562,-1,1604,1562,1563,-1,1604,1563,1564,-1,1604,1564,1565,-1,
  1604,1565,1566,-1,1604,1566,1603,-1,1624,1625,1630,-1,1630,1625,1626,-1,1630,1626,1628,-1,1628,1626,1627,-1,1618,1619,1636,-1,1618,1636,1637,-1,
  1618,1637,1638,-1,1618,1638,1639,-1,1618,1639,1640,-1,1618,1640,1641,-1,1618,1641,1642,-1,1618,1642,1643,-1,1618,1643,1644,-1,1618,1644,1645,-1,
  1618,1645,1726,-1,1618,1726,1727,-1,1618,1727,1607,-1,1618,1607,1608,-1,1618,1608,1617,-1,1612,1614,1611,-1,1611,1614,1615,-1,1611,1615,1610,-1,
  1610,1615,1616,-1,1610,1616,1609,-1,1609,1616,1617,-1,1609,1617,1608,-1,1735,1736,1734,-1,1734,1736,1737,-1,1734,1737,1733,-1,1733,1737,1738,-1,
  1733,1738,1739,-1,1730,1731,1740,-1,1740,1731,1732,-1,1740,1732,1739,-1,1739,1732,1733,-1,1741,1742,1728,-1,1741,1728,1729,-1,1741,1729,1730,-1,
  1741,1730,1740,-1,1743,1744,1727,-1,1743,1727,1728,-1,1743,1728,1742,-1,1727,1744,1745,-1,1727,1745,1746,-1,1727,1746,1747,-1,1727,1747,1748,-1,
  1727,1748,1749,-1,1727,1749,1750,-1,1727,1750,1751,-1,1727,1751,1752,-1,1727,1752,1607,-1,1724,1725,1647,-1,1647,1725,1726,-1,1647,1726,1646,-1,
  1646,1726,1645,-1,1619,1620,1634,-1,1619,1634,1635,-1,1619,1635,1636,-1,1621,1622,1633,-1,1621,1633,1634,-1,1621,1634,1620,-1,1630,1631,1624,-1,
  1624,1631,1632,-1,1624,1632,1623,-1,1623,1632,1633,-1,1623,1633,1622,-1,1649,1684,1719,-1,1719,1684,1685,-1,1719,1685,1718,-1,1718,1685,1686,-1,
  1718,1686,1717,-1,1717,1686,1687,-1,1717,1687,1716,-1,1716,1687,1688,-1,1716,1688,1715,-1,1715,1688,1689,-1,1715,1689,1714,-1,1714,1689,1690,-1,
  1714,1690,1713,-1,1713,1690,1691,-1,1713,1691,1712,-1,1712,1691,1692,-1,1712,1692,1711,-1,1711,1692,1693,-1,1711,1693,1710,-1,1710,1693,1694,-1,
  1710,1694,1709,-1,1709,1694,1695,-1,1709,1695,1708,-1,1708,1695,1696,-1,1708,1696,1707,-1,1707,1696,1697,-1,1707,1697,1706,-1,1706,1697,1698,-1,
  1706,1698,1705,-1,1705,1698,1699,-1,1705,1699,1704,-1,1704,1699,1700,-1,1704,1700,1703,-1,1703,1700,1701,-1,1703,1701,1702,-1,1720,1721,1647,-1,
  1720,1647,1648,-1,1720,1648,1649,-1,1720,1649,1719,-1,1647,1721,1722,-1,1647,1722,1723,-1,1647,1723,1724,-1,1650,1651,1683,-1,1650,1683,1684,-1,
  1650,1684,1649,-1,1652,1653,1678,-1,1652,1678,1679,-1,1652,1679,1680,-1,1652,1680,1681,-1,1652,1681,1682,-1,1652,1682,1683,-1,1652,1683,1651,-1,
  1654,1655,1673,-1,1654,1673,1674,-1,1654,1674,1675,-1,1654,1675,1676,-1,1654,1676,1677,-1,1654,1677,1678,-1,1654,1678,1653,-1,1671,1672,1657,-1,
  1657,1672,1673,-1,1657,1673,1656,-1,1656,1673,1655,-1,1668,1669,1658,-1,1658,1669,1670,-1,1658,1670,1657,-1,1657,1670,1671,-1,1658,1659,1666,-1,
  1658,1666,1667,-1,1658,1667,1668,-1,1662,1664,1661,-1,1661,1664,1665,-1,1661,1665,1660,-1,1660,1665,1666,-1,1660,1666,1659,-1,1826,1827,1783,-1,
  1783,1827,1828,-1,1783,1828,1782,-1,1782,1828,1753,-1,1782,1753,1781,-1,1781,1753,1754,-1,1781,1754,1755,-1,1755,1756,1777,-1,1755,1777,1778,-1,
  1755,1778,1779,-1,1755,1779,1780,-1,1755,1780,1781,-1,1776,1777,1756,-1,1776,1756,1757,-1,1776,1757,1758,-1,1776,1758,1775,-1,1758,1759,1769,-1,
  1758,1769,1770,-1,1758,1770,1771,-1,1758,1771,1772,-1,1758,1772,1773,-1,1758,1773,1774,-1,1758,1774,1775,-1,1767,1768,1761,-1,1761,1768,1769,-1,
  1761,1769,1760,-1,1760,1769,1759,-1,1767,1761,1766,-1,1766,1761,1762,-1,1766,1762,1765,-1,1765,1762,1763,-1,1765,1763,1764,-1,1813,1814,1807,-1,
  1813,1807,1808,-1,1813,1808,1809,-1,1813,1809,1810,-1,1813,1810,1811,-1,1813,1811,1812,-1,1805,1806,1816,-1,1816,1806,1807,-1,1816,1807,1815,-1,
  1815,1807,1814,-1,1816,1817,1800,-1,1816,1800,1801,-1,1816,1801,1802,-1,1816,1802,1803,-1,1816,1803,1804,-1,1816,1804,1805,-1,1797,1798,1819,-1,
  1819,1798,1799,-1,1819,1799,1818,-1,1818,1799,1800,-1,1818,1800,1817,-1,1821,1794,1820,-1,1820,1794,1795,-1,1820,1795,1819,-1,1819,1795,1796,-1,
  1819,1796,1797,-1,1822,1823,1793,-1,1822,1793,1794,-1,1822,1794,1821,-1,1824,1825,1788,-1,1824,1788,1789,-1,1824,1789,1790,-1,1824,1790,1791,-1,
  1824,1791,1792,-1,1824,1792,1793,-1,1824,1793,1823,-1,1826,1783,1784,-1,1826,1784,1785,-1,1826,1785,1786,-1,1826,1786,1787,-1,1826,1787,1788,-1,
  1826,1788,1825,-1,1895,1896,1833,-1,1833,1896,1829,-1,1833,1829,1831,-1,1831,1829,1830,-1,1884,1885,1886,-1,1884,1886,1887,-1,1884,1887,1888,-1,
  1884,1888,1889,-1,1884,1889,1890,-1,1884,1890,1891,-1,1884,1891,1892,-1,1884,1892,1893,-1,1884,1893,1883,-1,1893,1894,1835,-1,1893,1835,1836,-1,
  1893,1836,1837,-1,1893,1837,1838,-1,1893,1838,1839,-1,1893,1839,1840,-1,1893,1840,1841,-1,1893,1841,1842,-1,1893,1842,1843,-1,1893,1843,1844,-1,
  1893,1844,1845,-1,1893,1845,1846,-1,1893,1846,1847,-1,1893,1847,1848,-1,1893,1848,1883,-1,1894,1895,1833,-1,1894,1833,1834,-1,1894,1834,1835,-1,
  1880,1881,1851,-1,1851,1881,1882,-1,1851,1882,1849,-1,1849,1882,1883,-1,1849,1883,1848,-1,1880,1852,1879,-1,1879,1852,1853,-1,1879,1853,1878,-1,
  1878,1853,1854,-1,1878,1854,1877,-1,1877,1854,1855,-1,1877,1855,1876,-1,1876,1855,1856,-1,1876,1856,1875,-1,1875,1856,1857,-1,1875,1857,1874,-1,
  1874,1857,1858,-1,1874,1858,1873,-1,1873,1858,1859,-1,1873,1859,1872,-1,1872,1859,1860,-1,1872,1860,1871,-1,1871,1860,1861,-1,1871,1861,1870,-1,
  1870,1861,1862,-1,1870,1862,1869,-1,1869,1862,1863,-1,1869,1863,1868,-1,1868,1863,1864,-1,1868,1864,1867,-1,1867,1864,1865,-1,1867,1865,1866,-1,
  1922,1897,1908,-1,1908,1897,1898,-1,1908,1898,1907,-1,1907,1898,1899,-1,1907,1899,1906,-1,1906,1899,1900,-1,1906,1900,1905,-1,1905,1900,1901,-1,
  1905,1901,1904,-1,1904,1901,1902,-1,1904,1902,1903,-1,1922,1908,1925,-1,1925,1908,1909,-1,1925,1909,1924,-1,1924,1909,1921,-1,1924,1921,1897,-1,
  1923,1924,1897,-1,1923,1897,1922,-1,1914,1917,1913,-1,1913,1917,1918,-1,1913,1918,1912,-1,1912,1918,1919,-1,1912,1919,1911,-1,1911,1919,1920,-1,
  1911,1920,1910,-1,1910,1920,1921,-1,1910,1921,1909,-1,1915,1916,1917,-1,1915,1917,1914,-1,1951,1926,1937,-1,1937,1926,1927,-1,1937,1927,1936,-1,
  1936,1927,1928,-1,1936,1928,1935,-1,1935,1928,1929,-1,1935,1929,1934,-1,1934,1929,1930,-1,1934,1930,1933,-1,1933,1930,1931,-1,1933,1931,1932,-1,
  1951,1937,1954,-1,1954,1937,1938,-1,1954,1938,1953,-1,1953,1938,1950,-1,1953,1950,1926,-1,1952,1953,1926,-1,1952,1926,1951,-1,1943,1946,1942,-1,
  1942,1946,1947,-1,1942,1947,1941,-1,1941,1947,1948,-1,1941,1948,1940,-1,1940,1948,1949,-1,1940,1949,1939,-1,1939,1949,1950,-1,1939,1950,1938,-1,
  1944,1945,1946,-1,1944,1946,1943,-1,2028,2029,1985,-1,1985,2029,2030,-1,1985,2030,1984,-1,1984,2030,1955,-1,1984,1955,1983,-1,1983,1955,1956,-1,
  1983,1956,1957,-1,1957,1958,1979,-1,1957,1979,1980,-1,1957,1980,1981,-1,1957,1981,1982,-1,1957,1982,1983,-1,1978,1979,1958,-1,1978,1958,1959,-1,
  1978,1959,1960,-1,1978,1960,1977,-1,1960,1961,1971,-1,1960,1971,1972,-1,1960,1972,1973,-1,1960,1973,1974,-1,1960,1974,1975,-1,1960,1975,1976,-1,
  1960,1976,1977,-1,1969,1970,1963,-1,1963,1970,1971,-1,1963,1971,1962,-1,1962,1971,1961,-1,1969,1963,1968,-1,1968,1963,1964,-1,1968,1964,1967,-1,
  1967,1964,1965,-1,1967,1965,1966,-1,2015,2016,2009,-1,2015,2009,2010,-1,2015,2010,2011,-1,2015,2011,2012,-1,2015,2012,2013,-1,2015,2013,2014,-1,
  2007,2008,2018,-1,2018,2008,2009,-1,2018,2009,2017,-1,2017,2009,2016,-1,2018,2019,2002,-1,2018,2002,2003,-1,2018,2003,2004,-1,2018,2004,2005,-1,
  2018,2005,2006,-1,2018,2006,2007,-1,1999,2000,2021,-1,2021,2000,2001,-1,2021,2001,2020,-1,2020,2001,2002,-1,2020,2002,2019,-1,2023,1996,2022,-1,
  2022,1996,1997,-1,2022,1997,2021,-1,2021,1997,1998,-1,2021,1998,1999,-1,2024,2025,1995,-1,2024,1995,1996,-1,2024,1996,2023,-1,2026,2027,1990,-1,
  2026,1990,1991,-1,2026,1991,1992,-1,2026,1992,1993,-1,2026,1993,1994,-1,2026,1994,1995,-1,2026,1995,2025,-1,2028,1985,1986,-1,2028,1986,1987,-1,
  2028,1987,1988,-1,2028,1988,1989,-1,2028,1989,1990,-1,2028,1990,2027,-1,2077,2078,2073,-1,2077,2073,2075,-1,2051,2052,2073,-1,2073,2052,2063,-1,
  2073,2063,2072,-1,2072,2063,2064,-1,2072,2064,2071,-1,2071,2064,2065,-1,2071,2065,2070,-1,2070,2065,2066,-1,2070,2066,2069,-1,2069,2066,2067,-1,
  2069,2067,2068,-1,2073,2078,2079,-1,2073,2079,2080,-1,2073,2080,2081,-1,2073,2081,2082,-1,2073,2082,2083,-1,2073,2083,2084,-1,2073,2084,2085,-1,
  2073,2085,2086,-1,2073,2086,2087,-1,2073,2087,2088,-1,2073,2088,2089,-1,2073,2089,2090,-1,2073,2090,2091,-1,2073,2091,2092,-1,2073,2092,2093,-1,
  2073,2093,2094,-1,2073,2094,2095,-1,2073,2095,2096,-1,2073,2096,2097,-1,2073,2097,2098,-1,2073,2098,2099,-1,2073,2099,2100,-1,2073,2100,2101,-1,
  2073,2101,2102,-1,2073,2103,2031,-1,2073,2031,2051,-1,2057,2059,2056,-1,2056,2059,2060,-1,2056,2060,2055,-1,2055,2060,2061,-1,2055,2061,2054,-1,
  2054,2061,2062,-1,2054,2062,2053,-1,2053,2062,2063,-1,2053,2063,2052,-1,2032,2033,2044,-1,2032,2044,2045,-1,2032,2045,2046,-1,2032,2046,2047,-1,
  2032,2047,2048,-1,2032,2048,2049,-1,2032,2049,2050,-1,2032,2050,2051,-1,2032,2051,2031,-1,2033,2034,2041,-1,2033,2041,2042,-1,2033,2042,2043,-1,
  2033,2043,2044,-1,2037,2038,2036,-1,2036,2038,2039,-1,2036,2039,2035,-1,2035,2039,2040,-1,2035,2040,2034,-1,2034,2040,2041,-1,2177,2178,2134,-1,
  2134,2178,2179,-1,2134,2179,2133,-1,2133,2179,2104,-1,2133,2104,2132,-1,2132,2104,2105,-1,2132,2105,2106,-1,2106,2107,2128,-1,2106,2128,2129,-1,
  2106,2129,2130,-1,2106,2130,2131,-1,2106,2131,2132,-1,2127,2128,2107,-1,2127,2107,2108,-1,2127,2108,2109,-1,2127,2109,2126,-1,2109,2110,2120,-1,
  2109,2120,2121,-1,2109,2121,2122,-1,2109,2122,2123,-1,2109,2123,2124,-1,2109,2124,2125,-1,2109,2125,2126,-1,2118,2119,2112,-1,2112,2119,2120,-1,
  2112,2120,2111,-1,2111,2120,2110,-1,2118,2112,2117,-1,2117,2112,2113,-1,2117,2113,2116,-1,2116,2113,2114,-1,2116,2114,2115,-1,2164,2165,2158,-1,
  2164,2158,2159,-1,2164,2159,2160,-1,2164,2160,2161,-1,2164,2161,2162,-1,2164,2162,2163,-1,2156,2157,2167,-1,2167,2157,2158,-1,2167,2158,2166,-1,
  2166,2158,2165,-1,2167,2168,2151,-1,2167,2151,2152,-1,2167,2152,2153,-1,2167,2153,2154,-1,2167,2154,2155,-1,2167,2155,2156,-1,2148,2149,2170,-1,
  2170,2149,2150,-1,2170,2150,2169,-1,2169,2150,2151,-1,2169,2151,2168,-1,2172,2145,2171,-1,2171,2145,2146,-1,2171,2146,2170,-1,2170,2146,2147,-1,
  2170,2147,2148,-1,2173,2174,2144,-1,2173,2144,2145,-1,2173,2145,2172,-1,2175,2176,2139,-1,2175,2139,2140,-1,2175,2140,2141,-1,2175,2141,2142,-1,
  2175,2142,2143,-1,2175,2143,2144,-1,2175,2144,2174,-1,2177,2134,2135,-1,2177,2135,2136,-1,2177,2136,2137,-1,2177,2137,2138,-1,2177,2138,2139,-1,
  2177,2139,2176,-1,2264,2265,2237,-1,2237,2265,2180,-1,2237,2180,2214,-1,2214,2180,2181,-1,2214,2181,2213,-1,2213,2181,2212,-1,2212,2181,2182,-1,
  2212,2182,2183,-1,2212,2183,2184,-1,2212,2184,2185,-1,2212,2185,2186,-1,2212,2186,2211,-1,2210,2211,2186,-1,2210,2186,2187,-1,2210,2187,2188,-1,
  2210,2188,2189,-1,2210,2189,2190,-1,2210,2190,2191,-1,2210,2191,2209,-1,2191,2192,2207,-1,2191,2207,2208,-1,2191,2208,2209,-1,2192,2193,2207,-1,
  2207,2193,2194,-1,2207,2194,2206,-1,2206,2194,2195,-1,2206,2195,2196,-1,2204,2205,2198,-1,2198,2205,2206,-1,2198,2206,2197,-1,2197,2206,2196,-1,
  2198,2199,2204,-1,2204,2199,2200,-1,2204,2200,2203,-1,2203,2200,2201,-1,2203,2201,2202,-1,2243,2244,2250,-1,2250,2244,2245,-1,2250,2245,2249,-1,
  2249,2245,2247,-1,2249,2247,2248,-1,2239,2240,2254,-1,2254,2240,2241,-1,2254,2241,2253,-1,2253,2241,2242,-1,2253,2242,2252,-1,2252,2242,2243,-1,
  2252,2243,2251,-1,2251,2243,2250,-1,2254,2255,2239,-1,2239,2255,2256,-1,2239,2256,2238,-1,2238,2256,2257,-1,2238,2257,2258,-1,2258,2259,2238,-1,
  2238,2259,2260,-1,2238,2260,2237,-1,2237,2260,2261,-1,2237,2261,2262,-1,2263,2264,2237,-1,2263,2237,2262,-1,2214,2215,2237,-1,2237,2215,2216,-1,
  2237,2216,2236,-1,2236,2216,2225,-1,2236,2225,2226,-1,2216,2217,2222,-1,2216,2222,2223,-1,2216,2224,2225,-1,2218,2219,2221,-1,2218,2221,2222,-1,
  2218,2222,2217,-1,2236,2226,2235,-1,2235,2226,2227,-1,2235,2227,2234,-1,2234,2227,2228,-1,2234,2228,2233,-1,2233,2228,2229,-1,2233,2229,2232,-1,
  2232,2229,2230,-1,2232,2230,2231,-1,2246,2247,2245,-1,2221,2219,2220,-1,2059,2057,2058,-1,2074,2075,2073,-1,1851,1849,1850,-1,1880,1851,1852,-1,
  1833,1831,1832,-1,1664,1662,1663,-1,1630,1628,1629,-1,1614,1612,1613,-1,1468,1466,1467,-1,1456,1454,1455,-1,1437,1435,1436,-1,1432,1425,1431,-1,
  1412,1410,1411,-1,1407,1400,1406,-1,1375,1373,1374,-1,1395,1377,1378,-1,1347,1345,1346,-1,1317,1335,1336,-1,1333,1331,1332,-1,1258,1256,1257,-1,
  1352,1350,1351,-1,1195,1201,1194,-1,1188,1186,1187,-1,1216,1190,1191,-1,1160,1158,1159,-1,1165,1163,1164,-1,1125,1131,1124,-1,1118,1116,1117,-1,
  1146,1120,1121,-1,1090,1088,1089,-1,1095,1093,1094,-1,1066,1064,1065,-1,1026,1024,1025,-1,986,984,985,-1,909,927,928,-1,925,923,924,-1,
  819,817,818,-1,707,705,706,-1,637,635,636,-1,609,607,608,-1,614,612,613,-1,642,640,641,-1,540,538,539,-1,443,441,442,-1,
  385,403,404,-1,401,399,400,-1,310,303,304,-1,382,380,381,-1,376,369,375,-1,359,357,358,-1,338,336,337,-1,278,276,277,-1,
  287,280,281,-1,273,266,272,-1,191,189,190,-1,122,120,121,-1,10,8,9,-1]
  normalPerVertex TRUE
  normal DEF NORM_9 Normal { vector [
  0 0 1,0 0 1,
  0 0 1,0 0 1,
  0 0 1,0 0 1,
  0 0 1,0 0 1,
  0 0 1,0 0 1,
  0 0 1,0 0 1,
  0 0 1,0 0 1,
  0 0 1,0 0 1,
  0 0 1,0 0 1,
  0 0 1,0 0 1,
  0 0 1,0 0 1,
  0 0 1,0 0 1,
  0 0 1,0 0 1,
  0 0 1,0 0 1,
  0 0 1,0 0 1,
  0 0 1,0 0 1,
  0 0 1,0 0 1,
  0 0 1,0 0 1,
  0 0 1,0 0 1,
  0 0 1,0 0 1,
  0 0 1,0 0 1,
  0 0 1,0 0 1,
  0 0 1,0 0 1,
  0 0 1,0 0 1,
  0 0 1,0 0 1,
  0 0 1,0 0 1,
  0 0 1,0 0 1,
  0 0 1,0 0 1,
  0 0 1,0 0 1,
  0 0 1,0 0 1,
  0 0 1,0 0 1,
  0 0 1,0 0 1,
  0 0 1,0 0 1,
  0 0 1,0 0 1,
  0 0 1,0 0 1,
  0 0 1,0 0 1,
  0 0 1,0 0 1,
  0 0 1,0 0 1,
  0 0 1,0 0 1,
  0 0 1,0 0 1,
  0 0 1,0 0 1,
  0 0 1,0 0 1,
  0 0 1,0 0 1,
  0 0 1,0 0 1,
  0 0 1,0 0 1,
  0 0 1,0 0 1,
  0 0 1,0 0 1,
  0 0 1,0 0 1,
  0 0 1,0 0 1,
  0 0 1,0 0 1,
  0 0 1,0 0 1,
  0 0 1,0 0 1,
  0 0 1,0 0 1,
  0 0 1,0 0 1,
  0 0 1,0 0 1,
  0 0 1,0 0 1,
  0 0 1,0 0 1,
  0 0 1,0 0 1,
  0 0 1,0 0 1,
  0 0 1,0 0 1,
  0 0 1,0 0 1,
  0 0 1,0 0 1,
  0 0 1,0 0 1,
  0 0 1,0 0 1,
  0 0 1,0 0 1,
  0 0 1,0 0 1,
  0 0 1,0 0 1,
  0 0 1,0 0 1,
  0 0 1,0 0 1,
  0 0 1,0 0 1,
  0 0 1,0 0 1,
  0 0 1,0 0 1,
  0 0 1,0 0 1,
  0 0 1,0 0 1,
  0 0 1,0 0 1,
  0 0 1,0 0 1,
  0 0 1,0 0 1,
  0 0 1,0 0 1,
  0 0 1,0 0 1,
  0 0 1,0 0 1,
  0 0 1,0 0 1,
  0 0 1,0 0 1,
  0 0 1,0 0 1,
  0 0 1,0 0 1,
  0 0 1,0 0 1,
  0 0 1,0 0 1,
  0 0 1,0 0 1,
  0 0 1,0 0 1,
  0 0 1,0 0 1,
  0 0 1,0 0 1,
  0 0 1,0 0 1,
  0 0 1,0 0 1,
  0 0 1,0 0 1,
  0 0 1,0 0 1,
  0 0 1,0 0 1,
  0 0 1,0 0 1,
  0 0 1,0 0 1,
  0 0 1,0 0 1,
  0 0 1,0 0 1,
  0 0 1,0 0 1,
  0 0 1,0 0 1,
  0 0 1,0 0 1,
  0 0 1,0 0 1,
  0 0 1,0 0 1,
  0 0 1,0 0 1,
  0 0 1,0 0 1,
  0 0 1,0 0 1,
  0 0 1,0 0 1,
  0 0 1,0 0 1,
  0 0 1,0 0 1,
  0 0 1,0 0 1,
  0 0 1,0 0 1,
  0 0 1,0 0 1,
  0 0 1,0 0 1,
  0 0 1,0 0 1,
  0 0 1,0 0 1,
  0 0 1,0 0 1,
  0 0 1,0 0 1,
  0 0 1,0 0 1,
  0 0 1,0 0 1,
  0 0 1,0 0 1,
  0 0 1,0 0 1,
  0 0 1,0 0 1,
  0 0 1,0 0 1,
  0 0 1,0 0 1,
  0 0 1,0 0 1,
  0 0 1,0 0 1,
  0 0 1,0 0 1,
  0 0 1,0 0 1,
  0 0 1,0 0 1,
  0 0 1,0 0 1,
  0 0 1,0 0 1,
  0 0 1,0 0 1,
  0 0 1,0 0 1,
  0 0 1,0 0 1,
  0 0 1,0 0 1,
  0 0 1,0 0 1,
  0 0 1,0 0 1,
  0 0 1,0 0 1,
  0 0 1,0 0 1,
  0 0 1,0 0 1,
  0 0 1,0 0 1,
  0 0 1,0 0 1,
  0 0 1,0 0 1,
  0 0 1,0 0 1,
  0 0 1,0 0 1,
  0 0 1,0 0 1,
  0 0 1,0 0 1,
  0 0 1,0 0 1,
  0 0 1,0 0 1,
  0 0 1,0 0 1,
  0 0 1,0 0 1,
  0 0 1,0 0 1,
  0 0 1,0 0 1,
  0 0 1,0 0 1,
  0 0 1,0 0 1,
  0 0 1,0 0 1,
  0 0 1,0 0 1,
  0 0 1,0 0 1,
  0 0 1,0 0 1,
  0 0 1,0 0 1,
  0 0 1,0 0 1,
  0 0 1,0 0 1,
  0 0 1,0 0 1,
  0 0 1,0 0 1,
  0 0 1,0 0 1,
  0 0 1,0 0 1,
  0 0 1,0 0 1,
  0 0 1,0 0 1,
  0 0 1,0 0 1,
  0 0 1,0 0 1,
  0 0 1,0 0 1,
  0 0 1,0 0 1,
  0 0 1,0 0 1,
  0 0 1,0 0 1,
  0 0 1,0 0 1,
  0 0 1,0 0 1,
  0 0 1,0 0 1,
  0 0 1,0 0 1,
  0 0 1,0 0 1,
  0 0 1,0 0 1,
  0 0 1,0 0 1,
  0 0 1,0 0 1,
  0 0 1,0 0 1,
  0 0 1,0 0 1,
  0 0 1,0 0 1,
  0 0 1,0 0 1,
  0 0 1,0 0 1,
  0 0 1,0 0 1,
  0 0 1,0 0 1,
  0 0 1,0 0 1,
  0 0 1,0 0 1,
  0 0 1,0 0 1,
  0 0 1,0 0 1,
  0 0 1,0 0 1,
  0 0 1,0 0 1,
  0 0 1,0 0 1,
  0 0 1,0 0 1,
  0 0 1,0 0 1,
  0 0 1,0 0 1,
  0 0 1,0 0 1,
  0 0 1,0 0 1,
  0 0 1,0 0 1,
  0 0 1,0 0 1,
  0 0 1,0 0 1,
  0 0 1,0 0 1,
  0 0 1,0 0 1,
  0 0 1,0 0 1,
  0 0 1,0 0 1,
  0 0 1,0 0 1,
  0 0 1,0 0 1,
  0 0 1,0 0 1,
  0 0 1,0 0 1,
  0 0 1,0 0 1,
  0 0 1,0 0 1,
  0 0 1,0 0 1,
  0 0 1,0 0 1,
  0 0 1,0 0 1,
  0 0 1,0 0 1,
  0 0 1,0 0 1,
  0 0 1,0 0 1,
  0 0 1,0 0 1,
  0 0 1,0 0 1,
  0 0 1,0 0 1,
  0 0 1,0 0 1,
  0 0 1,0 0 1,
  0 0 1,0 0 1,
  0 0 1,0 0 1,
  0 0 1,0 0 1,
  0 0 1,0 0 1,
  0 0 1,0 0 1,
  0 0 1,0 0 1,
  0 0 1,0 0 1,
  0 0 1,0 0 1,
  0 0 1,0 0 1,
  0 0 1,0 0 1,
  0 0 1,0 0 1,
  0 0 1,0 0 1,
  0 0 1,0 0 1,
  0 0 1,0 0 1,
  0 0 1,0 0 1,
  0 0 1,0 0 1,
  0 0 1,0 0 1,
  0 0 1,0 0 1,
  0 0 1,0 0 1,
  0 0 1,0 0 1,
  0 0 1,0 0 1,
  0 0 1,0 0 1,
  0 0 1,0 0 1,
  0 0 1,0 0 1,
  0 0 1,0 0 1,
  0 0 1,0 0 1,
  0 0 1,0 0 1,
  0 0 1,0 0 1,
  0 0 1,0 0 1,
  0 0 1,0 0 1,
  0 0 1,0 0 1,
  0 0 1,0 0 1,
  0 0 1,0 0 1,
  0 0 1,0 0 1,
  0 0 1,0 0 1,
  0 0 1,0 0 1,
  0 0 1,0 0 1,
  0 0 1,0 0 1,
  0 0 1,0 0 1,
  0 0 1,0 0 1,
  0 0 1,0 0 1,
  0 0 1,0 0 1,
  0 0 1,0 0 1,
  0 0 1,0 0 1,
  0 0 1,0 0 1,
  0 0 1,0 0 1,
  0 0 1,0 0 1,
  0 0 1,0 0 1,
  0 0 1,0 0 1,
  0 0 1,0 0 1,
  0 0 1,0 0 1,
  0 0 1,0 0 1,
  0 0 1,0 0 1,
  0 0 1,0 0 1,
  0 0 1,0 0 1,
  0 0 1,0 0 1,
  0 0 1,0 0 1,
  0 0 1,0 0 1,
  0 0 1,0 0 1,
  0 0 1,0 0 1,
  0 0 1,0 0 1,
  0 0 1,0 0 1,
  0 0 1,0 0 1,
  0 0 1,0 0 1,
  0 0 1,0 0 1,
  0 0 1,0 0 1,
  0 0 1,0 0 1,
  0 0 1,0 0 1,
  0 0 1,0 0 1,
  0 0 1,0 0 1,
  0 0 1,0 0 1,
  0 0 1,0 0 1,
  0 0 1,0 0 1,
  0 0 1,0 0 1,
  0 0 1,0 0 1,
  0 0 1,0 0 1,
  0 0 1,0 0 1,
  0 0 1,0 0 1,
  0 0 1,0 0 1,
  0 0 1,0 0 1,
  0 0 1,0 0 1,
  0 0 1,0 0 1,
  0 0 1,0 0 1,
  0 0 1,0 0 1,
  0 0 1,0 0 1,
  0 0 1,0 0 1,
  0 0 1,0 0 1,
  0 0 1,0 0 1,
  0 0 1,0 0 1,
  0 0 1,0 0 1,
  0 0 1,0 0 1,
  0 0 1,0 0 1,
  0 0 1,0 0 1,
  0 0 1,0 0 1,
  0 0 1,0 0 1,
  0 0 1,0 0 1,
  0 0 1,0 0 1,
  0 0 1,0 0 1,
  0 0 1,0 0 1,
  0 0 1,0 0 1,
  0 0 1,0 0 1,
  0 0 1,0 0 1,
  0 0 1,0 0 1,
  0 0 1,0 0 1,
  0 0 1,0 0 1,
  0 0 1,0 0 1,
  0 0 1,0 0 1,
  0 0 1,0 0 1,
  0 0 1,0 0 1,
  0 0 1,0 0 1,
  0 0 1,0 0 1,
  0 0 1,0 0 1,
  0 0 1,0 0 1,
  0 0 1,0 0 1,
  0 0 1,0 0 1,
  0 0 1,0 0 1,
  0 0 1,0 0 1,
  0 0 1,0 0 1,
  0 0 1,0 0 1,
  0 0 1,0 0 1,
  0 0 1,0 0 1,
  0 0 1,0 0 1,
  0 0 1,0 0 1,
  0 0 1,0 0 1,
  0 0 1,0 0 1,
  0 0 1,0 0 1,
  0 0 1,0 0 1,
  0 0 1,0 0 1,
  0 0 1,0 0 1,
  0 0 1,0 0 1,
  0 0 1,0 0 1,
  0 0 1,0 0 1,
  0 0 1,0 0 1,
  0 0 1,0 0 1,
  0 0 1,0 0 1,
  0 0 1,0 0 1,
  0 0 1,0 0 1,
  0 0 1,0 0 1,
  0 0 1,0 0 1,
  0 0 1,0 0 1,
  0 0 1,0 0 1,
  0 0 1,0 0 1,
  0 0 1,0 0 1,
  0 0 1,0 0 1,
  0 0 1,0 0 1,
  0 0 1,0 0 1,
  0 0 1,0 0 1,
  0 0 1,0 0 1,
  0 0 1,0 0 1,
  0 0 1,0 0 1,
  0 0 1,0 0 1,
  0 0 1,0 0 1,
  0 0 1,0 0 1,
  0 0 1,0 0 1,
  0 0 1,0 0 1,
  0 0 1,0 0 1,
  0 0 1,0 0 1,
  0 0 1,0 0 1,
  0 0 1,0 0 1,
  0 0 1,0 0 1,
  0 0 1,0 0 1,
  0 0 1,0 0 1,
  0 0 1,0 0 1,
  0 0 1,0 0 1,
  0 0 1,0 0 1,
  0 0 1,0 0 1,
  0 0 1,0 0 1,
  0 0 1,0 0 1,
  0 0 1,0 0 1,
  0 0 1,0 0 1,
  0 0 1,0 0 1,
  0 0 1,0 0 1,
  0 0 1,0 0 1,
  0 0 1,0 0 1,
  0 0 1,0 0 1,
  0 0 1,0 0 1,
  0 0 1,0 0 1,
  0 0 1,0 0 1,
  0 0 1,0 0 1,
  0 0 1,0 0 1,
  0 0 1,0 0 1,
  0 0 1,0 0 1,
  0 0 1,0 0 1,
  0 0 1,0 0 1,
  0 0 1,0 0 1,
  0 0 1,0 0 1,
  0 0 1,0 0 1,
  0 0 1,0 0 1,
  0 0 1,0 0 1,
  0 0 1,0 0 1,
  0 0 1,0 0 1,
  0 0 1,0 0 1,
  0 0 1,0 0 1,
  0 0 1,0 0 1,
  0 0 1,0 0 1,
  0 0 1,0 0 1,
  0 0 1,0 0 1,
  0 0 1,0 0 1,
  0 0 1,0 0 1,
  0 0 1,0 0 1,
  0 0 1,0 0 1,
  0 0 1,0 0 1,
  0 0 1,0 0 1,
  0 0 1,0 0 1,
  0 0 1,0 0 1,
  0 0 1,0 0 1,
  0 0 1,0 0 1,
  0 0 1,0 0 1,
  0 0 1,0 0 1,
  0 0 1,0 0 1,
  0 0 1,0 0 1,
  0 0 1,0 0 1,
  0 0 1,0 0 1,
  0 0 1,0 0 1,
  0 0 1,0 0 1,
  0 0 1,0 0 1,
  0 0 1,0 0 1,
  0 0 1,0 0 1,
  0 0 1,0 0 1,
  0 0 1,0 0 1,
  0 0 1,0 0 1,
  0 0 1,0 0 1,
  0 0 1,0 0 1,
  0 0 1,0 0 1,
  0 0 1,0 0 1,
  0 0 1,0 0 1,
  0 0 1,0 0 1,
  0 0 1,0 0 1,
  0 0 1,0 0 1,
  0 0 1,0 0 1,
  0 0 1,0 0 1,
  0 0 1,0 0 1,
  0 0 1,0 0 1,
  0 0 1,0 0 1,
  0 0 1,0 0 1,
  0 0 1,0 0 1,
  0 0 1,0 0 1,
  0 0 1,0 0 1,
  0 0 1,0 0 1,
  0 0 1,0 0 1,
  0 0 1,0 0 1,
  0 0 1,0 0 1,
  0 0 1,0 0 1,
  0 0 1,0 0 1,
  0 0 1,0 0 1,
  0 0 1,0 0 1,
  0 0 1,0 0 1,
  0 0 1,0 0 1,
  0 0 1,0 0 1,
  0 0 1,0 0 1,
  0 0 1,0 0 1,
  0 0 1,0 0 1,
  0 0 1,0 0 1,
  0 0 1,0 0 1,
  0 0 1,0 0 1,
  0 0 1,0 0 1,
  0 0 1,0 0 1,
  0 0 1,0 0 1,
  0 0 1,0 0 1,
  0 0 1,0 0 1,
  0 0 1,0 0 1,
  0 0 1,0 0 1,
  0 0 1,0 0 1,
  0 0 1,0 0 1,
  0 0 1,0 0 1,
  0 0 1,0 0 1,
  0 0 1,0 0 1,
  0 0 1,0 0 1,
  0 0 1,0 0 1,
  0 0 1,0 0 1,
  0 0 1,0 0 1,
  0 0 1,0 0 1,
  0 0 1,0 0 1,
  0 0 1,0 0 1,
  0 0 1,0 0 1,
  0 0 1,0 0 1,
  0 0 1,0 0 1,
  0 0 1,0 0 1,
  0 0 1,0 0 1,
  0 0 1,0 0 1,
  0 0 1,0 0 1,
  0 0 1,0 0 1,
  0 0 1,0 0 1,
  0 0 1,0 0 1,
  0 0 1,0 0 1,
  0 0 1,0 0 1,
  0 0 1,0 0 1,
  0 0 1,0 0 1,
  0 0 1,0 0 1,
  0 0 1,0 0 1,
  0 0 1,0 0 1,
  0 0 1,0 0 1,
  0 0 1,0 0 1,
  0 0 1,0 0 1,
  0 0 1,0 0 1,
  0 0 1,0 0 1,
  0 0 1,0 0 1,
  0 0 1,0 0 1,
  0 0 1,0 0 1,
  0 0 1,0 0 1,
  0 0 1,0 0 1,
  0 0 1,0 0 1,
  0 0 1,0 0 1,
  0 0 1,0 0 1,
  0 0 1,0 0 1,
  0 0 1,0 0 1,
  0 0 1,0 0 1,
  0 0 1,0 0 1,
  0 0 1,0 0 1,
  0 0 1,0 0 1,
  0 0 1,0 0 1,
  0 0 1,0 0 1,
  0 0 1,0 0 1,
  0 0 1,0 0 1,
  0 0 1,0 0 1,
  0 0 1,0 0 1,
  0 0 1,0 0 1,
  0 0 1,0 0 1,
  0 0 1,0 0 1,
  0 0 1,0 0 1,
  0 0 1,0 0 1,
  0 0 1,0 0 1,
  0 0 1,0 0 1,
  0 0 1,0 0 1,
  0 0 1,0 0 1,
  0 0 1,0 0 1,
  0 0 1,0 0 1,
  0 0 1,0 0 1,
  0 0 1,0 0 1,
  0 0 1,0 0 1,
  0 0 1,0 0 1,
  0 0 1,0 0 1,
  0 0 1,0 0 1,
  0 0 1,0 0 1,
  0 0 1,0 0 1,
  0 0 1,0 0 1,
  0 0 1,0 0 1,
  0 0 1,0 0 1,
  0 0 1,0 0 1,
  0 0 1,0 0 1,
  0 0 1,0 0 1,
  0 0 1,0 0 1,
  0 0 1,0 0 1,
  0 0 1,0 0 1,
  0 0 1,0 0 1,
  0 0 1,0 0 1,
  0 0 1,0 0 1,
  0 0 1,0 0 1,
  0 0 1,0 0 1,
  0 0 1,0 0 1,
  0 0 1,0 0 1,
  0 0 1,0 0 1,
  0 0 1,0 0 1,
  0 0 1,0 0 1,
  0 0 1,0 0 1,
  0 0 1,0 0 1,
  0 0 1,0 0 1,
  0 0 1,0 0 1,
  0 0 1,0 0 1,
  0 0 1,0 0 1,
  0 0 1,0 0 1,
  0 0 1,0 0 1,
  0 0 1,0 0 1,
  0 0 1,0 0 1,
  0 0 1,0 0 1,
  0 0 1,0 0 1,
  0 0 1,0 0 1,
  0 0 1,0 0 1,
  0 0 1,0 0 1,
  0 0 1,0 0 1,
  0 0 1,0 0 1,
  0 0 1,0 0 1,
  0 0 1,0 0 1,
  0 0 1,0 0 1,
  0 0 1,0 0 1,
  0 0 1,0 0 1,
  0 0 1,0 0 1,
  0 0 1,0 0 1,
  0 0 1,0 0 1,
  0 0 1,0 0 1,
  0 0 1,0 0 1,
  0 0 1,0 0 1,
  0 0 1,0 0 1,
  0 0 1,0 0 1,
  0 0 1,0 0 1,
  0 0 1,0 0 1,
  0 0 1,0 0 1,
  0 0 1,0 0 1,
  0 0 1,0 0 1,
  0 0 1,0 0 1,
  0 0 1,0 0 1,
  0 0 1,0 0 1,
  0 0 1,0 0 1,
  0 0 1,0 0 1,
  0 0 1,0 0 1,
  0 0 1,0 0 1,
  0 0 1,0 0 1,
  0 0 1,0 0 1,
  0 0 1,0 0 1,
  0 0 1,0 0 1,
  0 0 1,0 0 1,
  0 0 1,0 0 1,
  0 0 1,0 0 1,
  0 0 1,0 0 1,
  0 0 1,0 0 1,
  0 0 1,0 0 1,
  0 0 1,0 0 1,
  0 0 1,0 0 1,
  0 0 1,0 0 1,
  0 0 1,0 0 1,
  0 0 1,0 0 1,
  0 0 1,0 0 1,
  0 0 1,0 0 1,
  0 0 1,0 0 1,
  0 0 1,0 0 1,
  0 0 1,0 0 1,
  0 0 1,0 0 1,
  0 0 1,0 0 1,
  0 0 1,0 0 1,
  0 0 1,0 0 1,
  0 0 1,0 0 1,
  0 0 1,0 0 1,
  0 0 1,0 0 1,
  0 0 1,0 0 1,
  0 0 1,0 0 1,
  0 0 1,0 0 1,
  0 0 1,0 0 1,
  0 0 1,0 0 1,
  0 0 1,0 0 1,
  0 0 1,0 0 1,
  0 0 1,0 0 1,
  0 0 1,0 0 1,
  0 0 1,0 0 1,
  0 0 1,0 0 1,
  0 0 1,0 0 1,
  0 0 1,0 0 1,
  0 0 1,0 0 1,
  0 0 1,0 0 1,
  0 0 1,0 0 1,
  0 0 1,0 0 1,
  0 0 1,0 0 1,
  0 0 1,0 0 1,
  0 0 1,0 0 1,
  0 0 1,0 0 1,
  0 0 1,0 0 1,
  0 0 1,0 0 1,
  0 0 1,0 0 1,
  0 0 1,0 0 1,
  0 0 1,0 0 1,
  0 0 1,0 0 1,
  0 0 1,0 0 1,
  0 0 1,0 0 1,
  0 0 1,0 0 1,
  0 0 1,0 0 1,
  0 0 1,0 0 1,
  0 0 1,0 0 1,
  0 0 1,0 0 1,
  0 0 1,0 0 1,
  0 0 1,0 0 1,
  0 0 1,0 0 1,
  0 0 1,0 0 1,
  0 0 1,0 0 1,
  0 0 1,0 0 1,
  0 0 1,0 0 1,
  0 0 1,0 0 1,
  0 0 1,0 0 1,
  0 0 1,0 0 1,
  0 0 1,0 0 1,
  0 0 1,0 0 1,
  0 0 1,0 0 1,
  0 0 1,0 0 1,
  0 0 1,0 0 1,
  0 0 1,0 0 1,
  0 0 1,0 0 1,
  0 0 1,0 0 1,
  0 0 1,0 0 1,
  0 0 1,0 0 1,
  0 0 1,0 0 1,
  0 0 1,0 0 1,
  0 0 1,0 0 1,
  0 0 1,0 0 1,
  0 0 1,0 0 1,
  0 0 1,0 0 1,
  0 0 1,0 0 1,
  0 0 1,0 0 1,
  0 0 1,0 0 1,
  0 0 1,0 0 1,
  0 0 1,0 0 1,
  0 0 1,0 0 1,
  0 0 1,0 0 1,
  0 0 1,0 0 1,
  0 0 1,0 0 1,
  0 0 1,0 0 1,
  0 0 1,0 0 1,
  0 0 1,0 0 1,
  0 0 1,0 0 1,
  0 0 1,0 0 1,
  0 0 1,0 0 1,
  0 0 1,0 0 1,
  0 0 1,0 0 1,
  0 0 1,0 0 1,
  0 0 1,0 0 1,
  0 0 1,0 0 1,
  0 0 1,0 0 1,
  0 0 1,0 0 1,
  0 0 1,0 0 1,
  0 0 1,0 0 1,
  0 0 1,0 0 1,
  0 0 1,0 0 1,
  0 0 1,0 0 1,
  0 0 1,0 0 1,
  0 0 1,0 0 1,
  0 0 1,0 0 1,
  0 0 1,0 0 1,
  0 0 1,0 0 1,
  0 0 1,0 0 1,
  0 0 1,0 0 1,
  0 0 1,0 0 1,
  0 0 1,0 0 1,
  0 0 1,0 0 1,
  0 0 1,0 0 1,
  0 0 1,0 0 1,
  0 0 1,0 0 1,
  0 0 1,0 0 1,
  0 0 1,0 0 1,
  0 0 1,0 0 1,
  0 0 1,0 0 1,
  0 0 1,0 0 1,
  0 0 1,0 0 1,
  0 0 1,0 0 1,
  0 0 1,0 0 1,
  0 0 1,0 0 1,
  0 0 1,0 0 1,
  0 0 1,0 0 1,
  0 0 1,0 0 1,
  0 0 1,0 0 1,
  0 0 1,0 0 1,
  0 0 1,0 0 1,
  0 0 1,0 0 1,
  0 0 1,0 0 1,
  0 0 1,0 0 1,
  0 0 1,0 0 1,
  0 0 1,0 0 1,
  0 0 1,0 0 1,
  0 0 1,0 0 1,
  0 0 1,0 0 1,
  0 0 1,0 0 1,
  0 0 1,0 0 1,
  0 0 1,0 0 1,
  0 0 1,0 0 1,
  0 0 1,0 0 1,
  0 0 1,0 0 1,
  0 0 1,0 0 1,
  0 0 1,0 0 1,
  0 0 1,0 0 1,
  0 0 1,0 0 1,
  0 0 1,0 0 1,
  0 0 1,0 0 1,
  0 0 1,0 0 1,
  0 0 1,0 0 1,
  0 0 1,0 0 1,
  0 0 1,0 0 1,
  0 0 1,0 0 1,
  0 0 1,0 0 1,
  0 0 1,0 0 1,
  0 0 1,0 0 1,
  0 0 1,0 0 1,
  0 0 1,0 0 1,
  0 0 1,0 0 1,
  0 0 1,0 0 1,
  0 0 1,0 0 1,
  0 0 1,0 0 1,
  0 0 1,0 0 1,
  0 0 1,0 0 1,
  0 0 1,0 0 1,
  0 0 1,0 0 1,
  0 0 1,0 0 1,
  0 0 1,0 0 1,
  0 0 1,0 0 1,
  0 0 1,0 0 1,
  0 0 1,0 0 1,
  0 0 1,0 0 1,
  0 0 1,0 0 1,
  0 0 1,0 0 1,
  0 0 1,0 0 1,
  0 0 1,0 0 1,
  0 0 1,0 0 1,
  0 0 1,0 0 1,
  0 0 1,0 0 1,
  0 0 1,0 0 1,
  0 0 1,0 0 1,
  0 0 1,0 0 1,
  0 0 1,0 0 1,
  0 0 1,0 0 1,
  0 0 1,0 0 1,
  0 0 1,0 0 1,
  0 0 1,0 0 1,
  0 0 1,0 0 1,
  0 0 1,0 0 1,
  0 0 1,0 0 1,
  0 0 1,0 0 1,
  0 0 1,0 0 1,
  0 0 1,0 0 1,
  0 0 1,0 0 1,
  0 0 1,0 0 1,
  0 0 1,0 0 1,
  0 0 1,0 0 1,
  0 0 1,0 0 1,
  0 0 1,0 0 1,
  0 0 1,0 0 1,
  0 0 1,0 0 1,
  0 0 1,0 0 1,
  0 0 1,0 0 1,
  0 0 1,0 0 1,
  0 0 1,0 0 1,
  0 0 1,0 0 1,
  0 0 1,0 0 1,
  0 0 1,0 0 1,
  0 0 1,0 0 1,
  0 0 1,0 0 1,
  0 0 1,0 0 1,
  0 0 1,0 0 1,
  0 0 1,0 0 1,
  0 0 1,0 0 1,
  0 0 1,0 0 1,
  0 0 1,0 0 1,
  0 0 1,0 0 1,
  0 0 1,0 0 1,
  0 0 1,0 0 1,
  0 0 1,0 0 1,
  0 0 1,0 0 1,
  0 0 1,0 0 1,
  0 0 1,0 0 1,
  0 0 1,0 0 1,
  0 0 1,0 0 1,
  0 0 1,0 0 1,
  0 0 1,0 0 1,
  0 0 1,0 0 1,
  0 0 1,0 0 1,
  0 0 1,0 0 1,
  0 0 1,0 0 1,
  0 0 1,0 0 1,
  0 0 1,0 0 1,
  0 0 1,0 0 1,
  0 0 1,0 0 1,
  0 0 1,0 0 1,
  0 0 1,0 0 1,
  0 0 1,0 0 1,
  0 0 1,0 0 1,
  0 0 1,0 0 1,
  0 0 1,0 0 1,
  0 0 1,0 0 1,
  0 0 1,0 0 1,
  0 0 1,0 0 1,
  0 0 1,0 0 1,
  0 0 1,0 0 1,
  0 0 1,0 0 1,
  0 0 1,0 0 1,
  0 0 1,0 0 1,
  0 0 1,0 0 1,
  0 0 1,0 0 1,
  0 0 1,0 0 1,
  0 0 1,0 0 1,
  0 0 1,0 0 1,
  0 0 1,0 0 1,
  0 0 1,0 0 1,
  0 0 1,0 0 1,
  0 0 1,0 0 1,
  0 0 1,0 0 1,
  0 0 1,0 0 1,
  0 0 1,0 0 1,
  0 0 1,0 0 1,
  0 0 1,0 0 1,
  0 0 1,0 0 1,
  0 0 1,0 0 1,
  0 0 1,0 0 1,
  0 0 1,0 0 1,
  0 0 1,0 0 1,
  0 0 1,0 0 1,
  0 0 1,0 0 1,
  0 0 1,0 0 1,
  0 0 1,0 0 1,
  0 0 1,0 0 1,
  0 0 1,0 0 1,
  0 0 1,0 0 1,
  0 0 1,0 0 1,
  0 0 1,0 0 1,
  0 0 1,0 0 1,
  0 0 1,0 0 1,
  0 0 1,0 0 1,
  0 0 1,0 0 1,
  0 0 1,0 0 1,
  0 0 1,0 0 1,
  0 0 1,0 0 1,
  0 0 1,0 0 1,
  0 0 1,0 0 1,
  0 0 1,0 0 1,
  0 0 1,0 0 1,
  0 0 1,0 0 1,
  0 0 1,0 0 1,
  0 0 1,0 0 1,
  0 0 1,0 0 1,
  0 0 1,0 0 1,
  0 0 1,0 0 1,
  0 0 1,0 0 1,
  0 0 1,0 0 1,
  0 0 1,0 0 1,
  0 0 1,0 0 1,
  0 0 1,0 0 1,
  0 0 1,0 0 1,
  0 0 1,0 0 1,
  0 0 1,0 0 1,
  0 0 1,0 0 1,
  0 0 1,0 0 1,
  0 0 1,0 0 1,
  0 0 1,0 0 1,
  0 0 1,0 0 1,
  0 0 1,0 0 1,
  0 0 1,0 0 1,
  0 0 1,0 0 1,
  0 0 1,0 0 1,
  0 0 1,0 0 1,
  0 0 1,0 0 1,
  0 0 1,0 0 1,
  0 0 1,0 0 1,
  0 0 1,0 0 1,
  0 0 1,0 0 1,
  0 0 1,0 0 1,
  0 0 1,0 0 1,
  0 0 1,0 0 1,
  0 0 1,0 0 1,
  0 0 1,0 0 1,
  0 0 1,0 0 1,
  0 0 1,0 0 1,
  0 0 1,0 0 1,
  0 0 1,0 0 1,
  0 0 1,0 0 1,
  0 0 1,0 0 1,
  0 0 1,0 0 1,
  0 0 1,0 0 1,
  0 0 1,0 0 1,
  0 0 1,0 0 1,
  0 0 1,0 0 1,
  0 0 1,0 0 1,
  0 0 1,0 0 1,
  0 0 1,0 0 1,
  0 0 1,0 0 1,
  0 0 1,0 0 1,
  0 0 1,0 0 1,
  0 0 1,0 0 1,
  0 0 1,0 0 1,
  0 0 1,0 0 1,
  0 0 1,0 0 1,
  0 0 1,0 0 1,
  0 0 1,0 0 1,
  0 0 1,0 0 1,
  0 0 1,0 0 1,
  0 0 1,0 0 1,
  0 0 1,0 0 1,
  0 0 1,0 0 1,
  0 0 1,0 0 1,
  0 0 1,0 0 1,
  0 0 1,0 0 1,
  0 0 1,0 0 1,
  0 0 1,0 0 1,
  0 0 1,0 0 1,
  0 0 1,0 0 1,
  0 0 1,0 0 1,
  0 0 1,0 0 1,
  0 0 1,0 0 1,
  0 0 1,0 0 1,
  0 0 1,0 0 1,
  0 0 1,0 0 1,
  0 0 1,0 0 1,
  0 0 1,0 0 1,
  0 0 1,0 0 1,
  0 0 1,0 0 1,
  0 0 1,0 0 1,
  0 0 1,0 0 1,
  0 0 1,0 0 1,
  0 0 1,0 0 1,
  0 0 1,0 0 1,
  0 0 1,0 0 1,
  0 0 1,0 0 1,
  0 0 1,0 0 1,
  0 0 1,0 0 1,
  0 0 1,0 0 1,
  0 0 1,0 0 1,
  0 0 1,0 0 1,
  0 0 1,0 0 1,
  0 0 1,0 0 1,
  0 0 1,0 0 1,
  0 0 1,0 0 1,
  0 0 1,0 0 1,
  0 0 1,0 0 1,
  0 0 1,0 0 1,
  0 0 1,0 0 1,
  0 0 1,0 0 1,
  0 0 1,0 0 1,
  0 0 1,0 0 1,
  0 0 1,0 0 1,
  0 0 1,0 0 1,
  0 0 1,0 0 1,
  0 0 1,0 0 1,
  0 0 1,0 0 1,
  0 0 1,0 0 1,
  0 0 1,0 0 1,
  0 0 1,0 0 1,
  0 0 1,0 0 1,
  0 0 1,0 0 1,
  0 0 1,0 0 1,
  0 0 1,0 0 1,
  0 0 1,0 0 1,
  0 0 1,0 0 1,
  0 0 1,0 0 1,
  0 0 1,0 0 1,
  0 0 1,0 0 1,
  0 0 1,0 0 1,
  0 0 1,0 0 1,
  0 0 1,0 0 1,
  0 0 1,0 0 1,
  0 0 1,0 0 1,
  0 0 1,0 0 1,
  0 0 1,0 0 1,
  0 0 1,0 0 1,
  0 0 1,0 0 1,
  0 0 1,0 0 1,
  0 0 1,0 0 1,
  0 0 1,0 0 1,
  0 0 1,0 0 1,
  0 0 1,0 0 1,
  0 0 1,0 0 1,
  0 0 1,0 0 1,
  0 0 1,0 0 1,
  0 0 1,0 0 1,
  0 0 1,0 0 1,
  0 0 1,0 0 1,
  0 0 1,0 0 1,
  0 0 1,0 0 1,
  0 0 1,0 0 1,
  0 0 1,0 0 1,
  0 0 1,0 0 1,
  0 0 1,0 0 1,
  0 0 1,0 0 1,
  0 0 1,0 0 1,
  0 0 1,0 0 1,
  0 0 1,0 0 1,
  0 0 1,0 0 1,
  0 0 1,0 0 1,
  0 0 1,0 0 1,
  0 0 1,0 0 1,
  0 0 1,0 0 1,
  0 0 1,0 0 1,
  0 0 1,0 0 1,
  0 0 1,0 0 1,
  0 0 1,0 0 1,
  0 0 1,0 0 1,
  0 0 1,0 0 1,
  0 0 1,0 0 1,
  0 0 1,0 0 1,
  0 0 1,0 0 1,
  0 0 1,0 0 1,
  0 0 1,0 0 1,
  0 0 1,0 0 1,
  0 0 1,0 0 1,
  0 0 1,0 0 1,
  0 0 1,0 0 1,
  0 0 1,0 0 1,
  0 0 1,0 0 1,
  0 0 1,0 0 1,
  0 0 1,0 0 1,
  0 0 1,0 0 1,
  0 0 1,0 0 1,
  0 0 1,0 0 1,
  0 0 1,0 0 1,
  0 0 1,0 0 1,
  0 0 1,0 0 1,
  0 0 1,0 0 1,
  0 0 1,0 0 1,
  0 0 1,0 0 1,
  0 0 1,0 0 1,
  0 0 1,0 0 1,
  0 0 1,0 0 1,
  0 0 1,0 0 1,
  0 0 1,0 0 1,
  0 0 1,0 0 1,
  0 0 1,0 0 1,
  0 0 1,0 0 1,
  0 0 1,0 0 1,
  0 0 1,0 0 1,
  0 0 1,0 0 1,
  0 0 1,0 0 1,
  0 0 1,0 0 1,
  0 0 1,0 0 1,
  0 0 1,0 0 1,
  0 0 1,0 0 1,
  0 0 1,0 0 1,
  0 0 1,0 0 1,
  0 0 1,0 0 1,
  0 0 1,0 0 1,
  0 0 1,0 0 1,
  0 0 1,0 0 1,
  0 0 1,0 0 1,
  0 0 1,0 0 1,
  0 0 1,0 0 1,
  0 0 1,0 0 1,
  0 0 1,0 0 1] }
}
}
] }
] }
